customer_id,first_name,last_name,email,phone_number,address,city,country,postal_code,loyalty_points
1,Sadella,Di Maria,sdimaria0@taobao.com,683-607-0753,1 Prairieview Center,Kabo,Central African Republic,,536
2,Benedict,Inglish,binglish1@bloglines.com,726-743-4748,1876 Elmside Pass,Nedryhayliv,Ukraine,,685
3,Pippo,Heddon,pheddon2@networksolutions.com,958-612-0747,43 Sheridan Alley,Lianghe,China,,650
4,Clayton,Patchett,cpatchett3@4shared.com,735-702-2790,70863 Elka Court,Jiangxi,China,,277
5,Jeth,Barrs,jbarrs4@addthis.com,614-217-4416,4512 Victoria Road,Dobra,Poland,72-210,199
6,Nani,Dunwoody,ndunwoody5@biblegateway.com,576-488-8319,09 Arizona Point,Santa Paz,Philippines,6526,212
7,Wendall,Butt Gow,wbuttgow6@dot.gov,502-377-4008,989 Knutson Lane,Krajan Dua Padomasan,Indonesia,,911
8,Marlee,Bundy,mbundy7@angelfire.com,546-783-5703,73 Grover Hill,Montería,Colombia,230029,597
9,Maurene,McCorkell,mmccorkell8@privacy.gov.au,390-716-4430,11033 Fremont Plaza,Buliran,Philippines,3100,76
10,Keenan,Roddell,kroddell9@google.nl,251-372-7400,4 Sunbrook Alley,Hezhi,China,,171
11,Mahala,Ingliss,minglissa@discuz.net,269-360-0218,312 Myrtle Circle,Wañgan,Philippines,2442,674
12,Erastus,Hupka,ehupkab@ftc.gov,907-709-0872,534 Dryden Trail,Duczki,Poland,05-205,541
13,Clemente,Upjohn,cupjohnc@flavors.me,620-858-4374,4777 Fulton Crossing,Siluman,Indonesia,,701
14,Dulciana,Zimmermanns,dzimmermannsd@com.com,874-838-9699,4 Havey Hill,Bohutín,Czech Republic,789 62,208
15,Gaelan,Hoult,ghoulte@flickr.com,803-137-6187,06 Autumn Leaf Lane,Černovice,Czech Republic,618 00,185
16,Tomkin,Cogdon,tcogdonf@princeton.edu,765-309-6889,6 Carberry Center,Ribeira Grande,Cape Verde,,873
17,Lanae,Impey,limpeyg@lulu.com,581-300-2256,147 Vahlen Court,Stockholm,Sweden,100 73,265
18,Oliy,Pickthorn,opickthornh@macromedia.com,490-530-1025,3772 North Junction,Tingzhou,China,,910
19,Meg,Motto,mmottoi@oakley.com,896-834-0340,88 Fuller Plaza,Sanfins,Portugal,4520-525,159
20,Jonathon,Routledge,jroutledgej@newsvine.com,499-607-4631,5 Nobel Trail,Hedong,China,,267
21,Georgetta,Kubal,gkubalk@cnet.com,643-262-4219,1346 Mesta Place,Loreto,Argentina,3483,75
22,Wilton,Jatczak,wjatczakl@taobao.com,184-601-5234,55667 Armistice Lane,Kafachan,Nigeria,,299
23,Bibbye,Burbank,bburbankm@livejournal.com,589-157-3559,80 Mcguire Parkway,Vila Nova,Portugal,4710-627,489
24,Freddie,Betancourt,fbetancourtn@wikimedia.org,258-203-2875,68945 Pawling Road,Lengkong,Indonesia,,33
25,Hermon,Camps,hcampso@opera.com,805-129-7195,055 Myrtle Trail,Al Ḩazm,Yemen,,778
26,Debby,Timmes,dtimmesp@photobucket.com,596-925-4547,267 Chive Parkway,Shūkat aş Şūfī,Palestinian Territory,,395
27,Sutton,Antal,santalq@mlb.com,290-703-3314,0253 Mcbride Court,Payao,Philippines,7008,79
28,Marillin,Ornillos,mornillosr@nps.gov,629-197-1830,317 Hoepker Alley,Uddiawan,Philippines,3605,634
29,Olia,Bradder,obradders@eventbrite.com,910-970-0697,21560 Ryan Center,Rrasa e Sipërme,Albania,,55
30,Siana,Terren,sterrent@reuters.com,860-913-8459,3 Farragut Crossing,Talondang,Indonesia,,889
31,Ali,Ethridge,aethridgeu@adobe.com,554-151-4019,684 Arapahoe Lane,Cawayan Bugtong,Philippines,4332,966
32,Elroy,Rapa,erapav@meetup.com,696-854-7181,5 Brickson Park Center,Al Fashn,Egypt,,15
33,Shurwood,Paintain,spaintainw@feedburner.com,698-334-0829,3557 Dawn Court,Jubaoshan,China,,862
34,Andreana,Vogt,avogtx@slashdot.org,627-293-7345,2071 Meadow Vale Place,Qasr Abu Hadi,Libya,,153
35,Emmy,Tomas,etomasy@studiopress.com,120-672-1571,17 Wayridge Avenue,Guadalupe Victoria,Mexico,93856,852
36,Hillary,O' Dornan,hodornanz@tmall.com,268-626-4797,041 Sutteridge Parkway,Santa Teresa,Philippines,5717,859
37,Rodney,Brecknell,rbrecknell10@ftc.gov,806-362-9159,0556 Maywood Circle,Pueblo Nuevo,Peru,,193
38,Kellen,Silman,ksilman11@theglobeandmail.com,790-753-4842,1 Scofield Crossing,Bratsigovo,Bulgaria,4585,608
39,Nan,Vassall,nvassall12@symantec.com,713-671-9651,420 Derek Hill,Zaraza,Venezuela,,30
40,Che,Gronou,cgronou13@weather.com,648-943-2828,4 Eagle Crest Hill,Bahir Dar,Ethiopia,,746
41,Larisa,Ranaghan,lranaghan14@jalbum.net,168-298-6388,0 Crescent Oaks Point,Gezan,China,,144
42,Westbrooke,Sobieski,wsobieski15@edublogs.org,400-500-4602,327 Glendale Court,San Juan de Colón,Venezuela,,359
43,Sigmund,Banasevich,sbanasevich16@sciencedaily.com,383-464-5309,18 3rd Point,Río Bueno,Chile,,927
44,Germain,Brosch,gbrosch17@google.co.jp,947-108-2070,09 Thompson Way,Dahu,China,,829
45,Kelcy,Boas,kboas18@uol.com.br,148-917-1543,57315 Colorado Court,Amboise,France,37404 CEDEX,925
46,Monti,McCarlie,mmccarlie19@exblog.jp,980-927-4020,5938 Leroy Park,Araranguá,Brazil,88900-000,8
47,Pandora,Letessier,pletessier1a@i2i.jp,672-614-9487,94938 Mockingbird Circle,Santa Cruz,Chile,,270
48,Tierney,Monier,tmonier1b@photobucket.com,968-628-2358,0111 Golf View Parkway,Marilao,Philippines,3019,29
49,Emlynn,Shepland,eshepland1c@baidu.com,623-680-7176,0669 Thackeray Pass,Dongxi,China,,953
50,Townie,Davydoch,tdavydoch1d@bravesites.com,948-640-4124,616 Mockingbird Place,Georgiyevskaya,Russia,301042,668
51,Hillel,Antham,hantham1e@domainmarket.com,271-122-0257,33132 Barnett Way,Gračec,Croatia,10370,880
52,Marina,Krzysztof,mkrzysztof1f@msu.edu,913-845-0847,503 Homewood Trail,Ngô Đồng,Vietnam,,762
53,Shane,Sharman,ssharman1g@tamu.edu,594-645-6857,8286 Canary Pass,Nowa Sól,Poland,67-101,75
54,Jesse,Vickress,jvickress1h@hostgator.com,170-401-5411,2196 Summerview Circle,Modderfontein,South Africa,1609,429
55,Shelby,Rehorek,srehorek1i@adobe.com,416-549-3196,18424 Bluestem Junction,Nanqiao,China,,89
56,Terra,Ruddiman,truddiman1j@amazon.co.uk,657-276-3759,80388 Dahle Crossing,Pulau Pinang,Malaysia,10450,999
57,Shalne,Sollime,ssollime1k@histats.com,795-865-6765,19569 Donald Place,Aeka,Indonesia,,268
58,Storm,Schottli,sschottli1l@w3.org,216-428-6215,0643 Melody Point,Dumalneg,Philippines,2921,921
59,Tedda,Benner,tbenner1m@jalbum.net,527-696-5021,6144 Packers Point,Letpandan,Myanmar,,140
60,Janella,Grisdale,jgrisdale1n@illinois.edu,752-193-6798,01678 Hallows Park,Yangjiao,China,,290
61,Maurene,Fogel,mfogel1o@w3.org,631-888-1488,65187 Tennyson Avenue,Canaries,Saint Lucia,,327
62,Pryce,Pesik,ppesik1p@yellowpages.com,761-519-9155,12905 Tennessee Terrace,Mionica,Bosnia and Herzegovina,,632
63,Roddy,Furtado,rfurtado1q@cbslocal.com,581-461-9696,42736 Atwood Place,San Francisco de Yare,Venezuela,,758
64,Eloisa,Exrol,eexrol1r@hao123.com,153-674-0294,4 Moland Drive,Cholpon-Ata,Kyrgyzstan,,963
65,Tara,Eskrigg,teskrigg1s@ezinearticles.com,968-457-6034,325 Pawling Way,Spånga,Sweden,163 53,527
66,Cassaundra,Harby,charby1t@mail.ru,220-765-5131,9 Badeau Circle,Navashino,Russia,347417,782
67,Gaile,Charrington,gcharrington1u@hud.gov,189-543-1070,5283 Luster Junction,Luti,Indonesia,,964
68,Juliann,Angelini,jangelini1v@microsoft.com,595-785-8987,681 Pond Pass,Wujiao,China,,800
69,Thomasine,Gerrill,tgerrill1w@tumblr.com,739-720-9443,2 Graedel Court,Łobżenica,Poland,89-310,40
70,Francesca,Stewart,fstewart1x@blogtalkradio.com,473-412-7529,5449 Holmberg Road,Jan Kempdorp,South Africa,8560,720
71,Vanya,Hugli,vhugli1y@imageshack.us,662-199-1339,165 Lyons Trail,Valdice,Czech Republic,512 51,183
72,Ardyce,Clear,aclear1z@stumbleupon.com,110-831-0674,1253 Truax Plaza,Anren Chengguanzhen,China,,265
73,Aubry,O'Loughnan,aoloughnan20@accuweather.com,391-987-6943,38 Mallard Crossing,Siquirres,Costa Rica,70301,249
74,Nert,Minors,nminors21@360.cn,290-146-2409,01 Sauthoff Way,Mūdīyah,Yemen,,57
75,Orelia,Raeburn,oraeburn22@ebay.co.uk,940-130-0431,35196 Waxwing Place,Fosca,Colombia,251837,931
76,Myrtia,Utteridge,mutteridge23@imageshack.us,703-524-1176,4 Sachtjen Park,Dmytrivka,Ukraine,,626
77,Gare,Rumford,grumford24@fc2.com,126-853-6598,10790 Graceland Alley,Hetoudian,China,,97
78,Whittaker,Kivell,wkivell25@slideshare.net,428-356-4563,0 Kensington Hill,Gävle,Sweden,801 84,405
79,Pattie,Balhatchet,pbalhatchet26@flickr.com,188-286-8221,68 Maryland Road,Nanhuatang,China,,901
80,Marie-jeanne,Vardie,mvardie27@creativecommons.org,467-391-1344,41580 Cascade Street,Tiang,Indonesia,,123
81,Aundrea,Maffione,amaffione28@amazonaws.com,232-766-0708,7 4th Court,Tīrān,Iran,,263
82,Elisabetta,Tiebe,etiebe29@reverbnation.com,789-290-2413,748 Mallard Point,Boji,China,,881
83,Domenic,Tschierse,dtschierse2a@tuttocitta.it,731-646-6500,9565 Clarendon Plaza,Graksop,South Africa,1274,466
84,Thayne,Southernwood,tsouthernwood2b@army.mil,920-750-5928,8 Mariners Cove Lane,Bogale,Myanmar,,980
85,Rosita,McGovern,rmcgovern2c@microsoft.com,202-573-2277,7 Weeping Birch Junction,Kuandian,China,,149
86,Elka,Scad,escad2d@joomla.org,983-152-6838,9 Chinook Parkway,Tanlin,China,,484
87,Stephen,Wieprecht,swieprecht2e@uiuc.edu,858-289-1633,8236 Forest Point,Lanas,Philippines,1552,982
88,Lauren,Edwardson,ledwardson2f@icq.com,341-992-5624,30 Marquette Trail,Santa Ana,Philippines,3514,6
89,Salomi,Horley,shorley2g@fda.gov,315-682-1486,13 Waxwing Avenue,Dębowa Łąka,Poland,87-207,694
90,La verne,Duckit,lduckit2h@edublogs.org,176-476-6214,36130 Delladonna Pass,Naivasha,Kenya,,871
91,Debor,Hallex,dhallex2i@drupal.org,588-793-5556,7 Meadow Valley Court,San Francisco,Mexico,51016,781
92,Dean,Morey,dmorey2j@freewebs.com,945-370-9204,4 Evergreen Hill,Bergen,Norway,5895,537
93,Flori,Flegg,fflegg2k@studiopress.com,717-410-1152,60570 American Court,Pacatuba,Brazil,49970-000,172
94,Correy,Vanderplas,cvanderplas2l@qq.com,860-426-8798,620 Kropf Center,Madala,Nigeria,,486
95,Gaile,Lantaph,glantaph2m@va.gov,458-201-8117,57105 Pond Road,Las Lajas,Argentina,5833,629
96,Sissie,Balfre,sbalfre2n@fema.gov,873-874-7581,185 Thompson Street,Bosilovo,Macedonia,2431,158
97,Hashim,Mepsted,hmepsted2o@businesswire.com,569-869-8839,8275 Lakeland Road,El Limón,Venezuela,,773
98,Debera,Thireau,dthireau2p@quantcast.com,170-610-0737,1339 Bashford Road,Puerto Nariño,Colombia,911018,990
99,Kendra,Alessandrelli,kalessandrelli2q@mozilla.org,632-251-4067,180 Warbler Lane,Herceg-Novi,Montenegro,,876
100,Liza,Shafto,lshafto2r@google.cn,184-728-7306,9 Bunting Junction,Dusun Tengah Cihaurbeuti,Indonesia,,538
101,Isahella,Mor,imor2s@sitemeter.com,478-899-2820,5 Blaine Terrace,Paranaguá,Brazil,83200-000,213
102,Dwain,Roalfe,droalfe2t@seattletimes.com,272-400-6092,92 Forest Hill,Estância,Brazil,49200-000,90
103,Sissie,Fellgate,sfellgate2u@php.net,206-490-8411,87814 Lyons Pass,Jiazi,China,,452
104,Frazer,Vinau,fvinau2v@comsenz.com,871-286-6590,9949 Hoard Lane,Onguday,Russia,649446,445
105,Tyler,Gippes,tgippes2w@time.com,430-177-2241,55 Pawling Plaza,Legen,Slovenia,2383,787
106,Noellyn,Mangeot,nmangeot2x@unblog.fr,865-703-5733,9 Wayridge Alley,Krajan Curahcotok,Indonesia,,959
107,Shirley,Brammall,sbrammall2y@prlog.org,961-862-5739,54 Ruskin Lane,Raposeira,Portugal,5100-419,813
108,Keir,Angrock,kangrock2z@google.co.uk,567-536-0056,3927 Goodland Parkway,Sindangbarang,Indonesia,,165
109,Jamil,Fley,jfley30@whitehouse.gov,960-464-6199,22892 Redwing Parkway,Saguiaran,Philippines,9701,907
110,Rudiger,Strafford,rstrafford31@gizmodo.com,210-592-4742,140 Onsgard Circle,Guararema,Brazil,08900-000,621
111,Naoma,Hallwood,nhallwood32@deviantart.com,995-944-2274,350 Homewood Point,Vitoria-Gasteiz,Spain,01005,536
112,Nixie,Iglesiaz,niglesiaz33@nationalgeographic.com,881-846-9298,38 Toban Center,Krasnapollye,Belarus,,920
113,Nadia,Pilmoor,npilmoor34@woothemes.com,989-374-3405,87312 Elgar Circle,Saposoa,Peru,,618
114,Kinnie,Manske,kmanske35@webmd.com,738-872-2529,75 Fremont Terrace,Lyubimets,Bulgaria,6522,314
115,Rex,MacKomb,rmackomb36@wikimedia.org,695-639-1018,12 Alpine Circle,Mranggen,Indonesia,,979
116,Victoria,Kildahl,vkildahl37@purevolume.com,808-397-0245,09326 Nevada Drive,Nova Petrópolis,Brazil,95150-000,254
117,Paulie,Bursnoll,pbursnoll38@intel.com,614-663-6921,63401 Fairview Lane,Carnot,Central African Republic,,787
118,Arthur,Marler,amarler39@state.tx.us,194-117-5343,4 Banding Street,Xuhang,China,,986
119,Pierette,Paoletti,ppaoletti3a@cornell.edu,351-795-9548,62 Oneill Parkway,Dakhla,Western Sahara,,118
120,Celesta,Seer,cseer3b@goodreads.com,637-477-3191,96 Atwood Parkway,Bobigny,France,93909 CEDEX 9,994
121,Clementia,Alvaro,calvaro3c@ed.gov,523-974-3843,68156 Scott Avenue,Telhado,Portugal,4850-162,618
122,Demetrius,Crebo,dcrebo3d@xrea.com,817-881-5723,7354 Birchwood Terrace,Hanting,China,,739
123,Lydia,Castanares,lcastanares3e@mapy.cz,379-366-3064,1 Elmside Point,Ozubulu,Nigeria,,907
124,George,Berk,gberk3f@blogspot.com,966-481-5746,014 Mockingbird Pass,Lisakovsk,Kazakhstan,,574
125,Drusi,Baudet,dbaudet3g@dot.gov,685-778-4748,1273 Hansons Hill,Dū Laīnah,Afghanistan,,64
126,Lorne,Filipczynski,lfilipczynski3h@sourceforge.net,861-248-3915,6 Sunbrook Center,Hubynykha,Ukraine,,894
127,Dody,Kleisle,dkleisle3i@bloglines.com,645-643-1086,1419 Shasta Center,Piraí,Brazil,27175-000,609
128,Keri,Truman,ktruman3j@techcrunch.com,252-844-6551,59998 Morrow Plaza,Benito Juarez,Mexico,66410,5
129,Cullan,Pink,cpink3k@mayoclinic.com,215-165-7190,7 Everett Street,Ra’s Bayrūt,Lebanon,,835
130,Erin,Steptowe,esteptowe3l@jiathis.com,811-455-9709,35103 Oak Valley Center,Padamulya,Indonesia,,286
131,Maren,Baxill,mbaxill3m@wikipedia.org,696-170-3400,2491 Ilene Circle,Alor Setar,Malaysia,05460,374
132,Vivien,Aldham,valdham3n@blogtalkradio.com,708-453-2061,212 Red Cloud Drive,Myhiya,Ukraine,,406
133,Barrie,Thurlbourne,bthurlbourne3o@google.com.br,423-192-0657,250 Dennis Circle,Dongfeng,China,,382
134,Alvera,Heales,aheales3p@msn.com,720-264-9056,01 Mallory Junction,Quezaltepeque,El Salvador,,365
135,Melvyn,Mattam,mmattam3q@dell.com,691-298-1270,010 Bellgrove Street,Nong Bua,Thailand,60110,893
136,Eolande,Arblaster,earblaster3r@barnesandnoble.com,535-533-4283,8985 Steensland Point,Mtimbira,Tanzania,,650
137,Tori,Vell,tvell3s@columbia.edu,560-643-1266,5 Mallory Road,Sidomulyo,Indonesia,,665
138,Lurleen,Haggidon,lhaggidon3t@nationalgeographic.com,313-254-4075,660 Lillian Hill,Jintun,China,,207
139,Stanislaw,Marzelli,smarzelli3u@archive.org,547-456-3082,992 Spohn Drive,Villaguay,Argentina,3240,60
140,Jacques,Moncreiff,jmoncreiff3v@wordpress.org,880-566-8013,86001 Twin Pines Trail,Maguan,China,,751
141,Manfred,Berrycloth,mberrycloth3w@skype.com,557-213-3423,2 Corben Center,Nahrīn,Afghanistan,,504
142,Vinni,Kingsley,vkingsley3x@businesswire.com,640-348-4745,22 Anzinger Lane,Sabóia,Portugal,7665-823,212
143,Oralla,Frame,oframe3y@instagram.com,269-259-8809,9447 Charing Cross Terrace,Gōtsuchō,Japan,699-3162,861
144,Cyrillus,Jennemann,cjennemann3z@pcworld.com,158-712-6127,06 Shopko Street,Mîndreşti,Moldova,MD-5840,332
145,Constanta,Matchitt,cmatchitt40@oracle.com,237-563-2714,47 Northview Lane,White River,South Africa,1256,558
146,Flem,Turville,fturville41@noaa.gov,257-432-8498,6526 Parkside Point,Chãos,Portugal,4640-301,178
147,Vonni,Leacock,vleacock42@tripod.com,509-733-9367,49 Clemons Point,Cabugao,Philippines,2732,946
148,Michaela,Raybould,mraybould43@webs.com,611-280-6220,5 Green Junction,Kandhkot,Pakistan,79160,560
149,Noll,Delooze,ndelooze44@tinyurl.com,569-115-9753,776 Mockingbird Plaza,Lupo,Philippines,5616,363
150,Saundra,Zellick,szellick45@merriam-webster.com,641-585-2557,5 Mosinee Pass,Shigu,China,,80
151,Horatia,Manterfield,hmanterfield46@cisco.com,644-380-5958,1863 Aberg Lane,San Rafael,Peru,,351
152,Stefano,Rankine,srankine47@globo.com,275-521-2333,185 Esker Hill,Ungus-Ungus,Philippines,9002,730
153,Gerta,Loncaster,gloncaster48@pbs.org,875-663-2021,2 Texas Trail,Zhongguan,China,,828
154,Edward,Ygou,eygou49@netlog.com,462-685-6129,8577 Eastlawn Road,Jablonné nad Orlicí,Czech Republic,561 64,723
155,Huberto,Jauncey,hjauncey4a@netscape.com,791-514-4588,82655 Anthes Court,Purral,Costa Rica,10807,236
156,Dona,Hyde,dhyde4b@intel.com,501-803-7084,83297 Killdeer Plaza,Kotli Lohārān,Pakistan,51841,871
157,Anatole,Lamden,alamden4c@redcross.org,841-607-5164,9970 Bluestem Lane,Herby,Poland,42-284,487
158,Nicky,Late,nlate4d@microsoft.com,308-654-7754,9285 Vermont Junction,Chisong,China,,925
159,Shaylah,Phippard,sphippard4e@cbslocal.com,486-848-3005,48 Helena Crossing,Pinagsibaan,Philippines,0801,384
160,Sapphire,Zink,szink4f@exblog.jp,547-273-9252,84 Eastwood Way,Sumeng,China,,341
161,Findley,Crowch,fcrowch4g@nasa.gov,242-580-3779,8142 Lakewood Parkway,Slobodka,Russia,627251,232
162,Clementia,Pilgrim,cpilgrim4h@etsy.com,169-195-5323,1072 Lyons Place,Haarlem,Netherlands,2019,867
163,Jonis,Dun,jdun4i@angelfire.com,943-810-4815,7 Wayridge Point,Pedraza La Vieja,Venezuela,,615
164,Rinaldo,Felton,rfelton4j@blogtalkradio.com,829-656-8088,448 2nd Hill,Kabasalan,Philippines,7005,399
165,Demetria,Asbery,dasbery4k@adobe.com,429-665-8665,3 Coolidge Place,Guaíra,Brazil,14790-000,125
166,Gabby,McQuorkell,gmcquorkell4l@hubpages.com,148-278-1788,48921 Maple Wood Trail,Jinsha,China,,414
167,Michele,McCuis,mmccuis4m@irs.gov,188-766-6996,7 Caliangt Avenue,Kademangan,Indonesia,,906
168,Nan,Calan,ncalan4n@wsj.com,140-779-7578,72497 Lakewood Terrace,Sentul,Indonesia,,632
169,Lolly,Bulter,lbulter4o@edublogs.org,521-421-3148,37 Magdeline Lane,Al Qaryatayn,Syria,,132
170,Heall,Hews,hhews4p@princeton.edu,297-984-7289,26405 Cambridge Junction,Angoulême,France,16904 CEDEX 9,962
171,Stormy,Bertholin,sbertholin4q@fda.gov,307-493-7171,7 Cardinal Alley,Castlemartyr,Ireland,H71,979
172,Bevvy,Gurry,bgurry4r@studiopress.com,637-603-7353,693 Amoth Road,Zepita,Peru,,876
173,Lowrance,Vallender,lvallender4s@arstechnica.com,560-999-6733,8 Novick Lane,Dayu,China,,275
174,Dyanna,Cuttler,dcuttler4t@nbcnews.com,102-562-6037,867 Norway Maple Parkway,Kamubheka,Indonesia,,924
175,Krissie,Bearblock,kbearblock4u@t.co,738-699-2061,0176 Buell Court,Grande Prairie,Canada,R3J,239
176,Domenico,McElwee,dmcelwee4v@gravatar.com,688-879-9242,77010 Summit Point,Tangxia,China,,908
177,Bertine,Newby,bnewby4w@miitbeian.gov.cn,130-890-1331,2 Bultman Terrace,Poja,Indonesia,,461
178,Daryl,Dexter,ddexter4x@statcounter.com,909-942-9762,63 Starling Plaza,Angadanan,Philippines,3307,1000
179,Kimble,Osorio,kosorio4y@naver.com,197-411-8831,7 Bobwhite Drive,Kutampi,Indonesia,,792
180,Marwin,Bedells,mbedells4z@nyu.edu,449-400-5598,2 Butterfield Alley,Şirvan,Azerbaijan,,914
181,Kele,Ralton,kralton50@mtv.com,130-211-3390,45 Daystar Circle,Yanggan,China,,519
182,Suzy,Cushworth,scushworth51@joomla.org,313-599-4334,64 Spenser Alley,Venda do Valador,Portugal,2665-299,399
183,Lorene,Hagan,lhagan52@amazon.de,184-898-0830,6 West Park,Changning,China,,29
184,Kat,Mowlam,kmowlam53@oracle.com,991-335-9974,2955 Summer Ridge Way,Tembladera,Peru,,343
185,Gualterio,Maggiori,gmaggiori54@free.fr,506-649-4515,3 Spohn Way,Peukanbada,Indonesia,,426
186,Karlis,Semeradova,ksemeradova55@prnewswire.com,737-932-7933,81319 Mayer Circle,Wuxi,China,,247
187,Dene,Mertel,dmertel56@newsvine.com,479-298-2130,4 Moose Drive,Ołpiny,Poland,38-247,543
188,Leonora,Baudasso,lbaudasso57@sciencedirect.com,843-364-6198,3930 Annamark Trail,La Colorada,Panama,,914
189,Hinze,Lejeune,hlejeune58@prnewswire.com,527-492-9258,8616 Jana Hill,Makati City,Philippines,1699,942
190,Cami,Sowten,csowten59@sakura.ne.jp,573-797-2696,851 Village Green Court,Swift Current,Canada,S9H,909
191,Werner,Coakley,wcoakley5a@sakura.ne.jp,930-228-1077,11 Kim Point,Santa Teresa,Philippines,5717,732
192,Ethelind,Retchford,eretchford5b@businessweek.com,154-423-1915,6509 Shoshone Center,Yulao,China,,519
193,Neely,Annand,nannand5c@reuters.com,632-513-1083,8 Crownhardt Center,Reda,Poland,84-240,485
194,Dolf,Whotton,dwhotton5d@alexa.com,199-437-4176,7505 Merrick Point,Zhouxi,China,,493
195,Frederik,Sydry,fsydry5e@github.com,839-382-3535,1008 Elka Lane,Kokkinóchoma,Greece,,504
196,Birk,Pavek,bpavek5f@ucoz.ru,927-531-3128,429 Morning Terrace,Oropesa,Peru,,543
197,Fallon,O'Doohaine,fodoohaine5g@mapy.cz,553-379-0310,829 Caliangt Court,Şanā’,Yemen,,463
198,Oswald,Espinet,oespinet5h@cbsnews.com,109-532-9740,0 Park Meadow Terrace,Shuiting,China,,474
199,Mari,Gumm,mgumm5i@vk.com,982-474-0847,45091 Thompson Court,Carriedo,Philippines,2446,525
200,Jena,Turfrey,jturfrey5j@linkedin.com,908-406-0891,80 Mallory Pass,Kavadarci,Macedonia,1430,766
201,Vicky,Mogey,vmogey5k@geocities.jp,390-207-3772,30 Hoepker Drive,Phan Thong,Thailand,20160,730
202,Hermine,Presswell,hpresswell5l@alibaba.com,388-143-8514,0 Anhalt Parkway,Wang Saphung,Thailand,42130,13
203,Davin,De Atta,ddeatta5m@oaic.gov.au,151-487-7639,0625 Arizona Court,Weixin,China,,942
204,Lorne,Yu,lyu5n@booking.com,224-495-1567,8381 Ramsey Trail,Florianópolis,Brazil,88000-000,591
205,Morganica,Label,mlabel5o@mozilla.org,652-426-5737,462 Forster Road,Bendo,Indonesia,,31
206,Greer,Meah,gmeah5p@ustream.tv,620-393-2151,4050 Porter Junction,Surenavan,Armenia,,664
207,Sonnie,Hagyard,shagyard5q@nsw.gov.au,816-426-0069,74 Troy Way,Tagum,Philippines,1720,980
208,Lowell,Hairyes,lhairyes5r@who.int,763-935-2584,269 5th Hill,Dampek,Indonesia,,911
209,Brendin,Brome,bbrome5s@people.com.cn,166-274-1707,70 Sauthoff Avenue,Goiatuba,Brazil,75600-000,753
210,Xymenes,Tompsett,xtompsett5t@engadget.com,516-899-5640,07 Mayfield Drive,Orizari,Macedonia,2302,338
211,Kane,Wilne,kwilne5u@ucsd.edu,868-568-8823,47198 Stone Corner Plaza,Frederico Westphalen,Brazil,98400-000,430
212,Guillermo,Wathen,gwathen5v@google.cn,712-333-6420,7414 Warner Circle,Baharly,Turkmenistan,,805
213,Damita,Dankov,ddankov5w@t-online.de,890-524-3474,7 Delladonna Pass,Lazaro Cardenas,Mexico,86723,841
214,Daisy,Bartels-Ellis,dbartelsellis5x@weather.com,413-418-3447,74381 Evergreen Point,Rizal,Philippines,7104,149
215,Hedi,Gittins,hgittins5y@vkontakte.ru,662-391-0950,07462 Fieldstone Crossing,Jovim,Portugal,4510-005,691
216,Nikaniki,Adnett,nadnett5z@netvibes.com,814-842-9125,09262 Darwin Lane,Mergayu,Indonesia,,80
217,Coralie,Eldred,celdred60@weebly.com,314-469-4634,76 Hayes Crossing,Formosa do Rio Preto,Brazil,47990-000,547
218,Isabeau,Kolodziej,ikolodziej61@blogtalkradio.com,339-240-0300,85656 Basil Way,Gammad,Philippines,3503,525
219,Vikky,Camier,vcamier62@scribd.com,747-116-1100,2614 Mendota Avenue,Xuedian,China,,853
220,Tommy,O'Boyle,toboyle63@freewebs.com,211-820-9823,49 Northland Point,Mahe,China,,868
221,Riobard,Hallifax,rhallifax64@people.com.cn,298-578-0136,12944 Buena Vista Drive,Ribeiro,Portugal,4755-578,896
222,Dorelia,Whittington,dwhittington65@oracle.com,363-550-9310,9293 Sauthoff Avenue,Izingolweni,South Africa,4261,673
223,Claudell,Rathbone,crathbone66@businessweek.com,272-495-3197,4380 Upham Trail,Le Mans,France,72029 CEDEX 2,719
224,Dollie,Pyrton,dpyrton67@washingtonpost.com,577-348-6864,6253 Chive Hill,Prosyana,Ukraine,,867
225,Tremain,Cardinale,tcardinale68@usatoday.com,331-873-1266,4 Stuart Crossing,Tojal,Portugal,4620-931,313
226,Clywd,Di Matteo,cdimatteo69@google.co.jp,650-708-7358,888 Clove Lane,Jagupit,Philippines,1060,655
227,Lyman,Brunskill,lbrunskill6a@friendfeed.com,941-330-3110,3 Pepper Wood Avenue,Qingzhou,China,,949
228,Willard,Belz,wbelz6b@squidoo.com,275-986-4205,6 Summerview Court,Notre Dame,Mauritius,,374
229,Tobie,Cummings,tcummings6c@webnode.com,489-131-6175,6863 Holy Cross Terrace,Gornja Koprivna,Bosnia and Herzegovina,,849
230,Gussy,Ditty,gditty6d@phoca.cz,730-854-4595,46370 Barnett Trail,Huangsangkou,China,,901
231,Lona,Graal,lgraal6e@shareasale.com,319-343-9999,69772 Maple Wood Way,Krosno,Poland,38-411,650
232,Ernestus,Scudder,escudder6f@goo.ne.jp,759-825-9316,650 Schurz Avenue,Siqu,China,,777
233,Ellyn,Poznan,epoznan6g@state.tx.us,195-424-9954,7926 Surrey Junction,Pont-Audemer,France,27509 CEDEX,679
234,Derron,Barnwille,dbarnwille6h@springer.com,365-931-8209,0 Cottonwood Court,Pule,Indonesia,,783
235,Faith,Pollak,fpollak6i@census.gov,666-839-0794,8026 Manufacturers Park,Saint-Nazaire,France,44604 CEDEX,240
236,Allie,Ginger,aginger6j@canalblog.com,668-457-5088,00 Sloan Lane,Jieshou,China,,871
237,Brenden,Redmond,bredmond6k@biblegateway.com,831-456-5252,70 Washington Park,Fengniancun,China,,21
238,Dalston,Letessier,dletessier6l@ucla.edu,467-327-4467,8390 Dottie Park,Kauman,Indonesia,,143
239,Malinde,Perell,mperell6m@mashable.com,347-360-3449,429 Towne Trail,Vale da Pedra,Portugal,2425-502,750
240,Lowell,Rand,lrand6n@github.com,860-142-4862,60 Vidon Pass,El’brus,Russia,361603,907
241,Malvin,Potkins,mpotkins6o@narod.ru,969-115-6897,20 Old Shore Parkway,Kluki,Poland,97-415,336
242,Nicola,Boribal,nboribal6p@zimbio.com,760-754-2623,28131 Walton Street,Lindong,China,,389
243,Josy,Daw,jdaw6q@theguardian.com,454-557-4024,47145 Corben Parkway,Milton,Canada,L9T,68
244,Allison,Benck,abenck6r@java.com,199-641-3971,0 Bartelt Pass,Huabu,China,,462
245,Idalia,Fishly,ifishly6s@time.com,152-798-4251,57902 Spenser Pass,Shaowu,China,,613
246,Gerty,Pourvoieur,gpourvoieur6t@icio.us,522-463-9560,68587 Talmadge Terrace,Bobrovka,Russia,457134,259
247,Isiahi,Merriman,imerriman6u@eventbrite.com,878-632-1726,1 Maple Circle,Ake-Eze,Nigeria,,685
248,Noemi,Eaden,neaden6v@mozilla.com,658-569-4950,955 Miller Junction,Madrid,Spain,28055,805
249,Tami,Giraudot,tgiraudot6w@jimdo.com,955-431-9917,67 Northland Trail,Brive-la-Gaillarde,France,19117 CEDEX,843
250,Jefferey,Baselli,jbaselli6x@tuttocitta.it,551-883-8953,1281 Orin Trail,Vilarinho,Portugal,3200-399,801
251,Bentley,Pepin,bpepin6y@google.com,338-201-8598,11 Coleman Plaza,Chardonnière,Haiti,,883
252,Devondra,Rosedale,drosedale6z@reddit.com,752-196-5960,3 Farmco Lane,Bayanbulag,Mongolia,,72
253,Fayina,Chattoe,fchattoe70@163.com,100-548-8078,812 Heath Point,Az Zintān,Libya,,967
254,Ringo,Kinglake,rkinglake71@jimdo.com,309-943-5151,108 Weeping Birch Point,Peoria,United States,61635,719
255,Birdie,Shelliday,bshelliday72@mac.com,676-183-2433,511 Pond Street,Paine,Chile,,360
256,Lea,Hattrick,lhattrick73@yahoo.com,565-407-6411,93 Cambridge Circle,Wanying,China,,874
257,Sorcha,Thorp,sthorp74@dell.com,152-250-2815,30856 Brown Hill,Pecoro,Indonesia,,618
258,Fleming,Phateplace,fphateplace75@discovery.com,918-436-8031,7 Heffernan Way,Dzerzhinskiy,Russia,140083,435
259,Deena,Nuschke,dnuschke76@canalblog.com,306-427-2706,6 Ilene Alley,Pnikut,Ukraine,,524
260,Cordelie,Sokell,csokell77@ask.com,634-341-0904,15637 Oakridge Point,Yuxi,China,,508
261,Coop,Bompas,cbompas78@bloglovin.com,679-549-7598,192 Mayfield Street,Canggetelo,Indonesia,,756
262,Truman,Tewes,ttewes79@omniture.com,259-182-6311,56488 Hoard Street,Sukasari,Indonesia,,415
263,Erick,Drakard,edrakard7a@exblog.jp,133-280-8999,1 Emmet Lane,Kongwan,China,,371
264,Marena,Phinnis,mphinnis7b@shareasale.com,290-718-2418,027 Sugar Plaza,Semanding,Indonesia,,306
265,Isaak,Medford,imedford7c@moonfruit.com,102-465-6846,6600 Holmberg Court,Vrbno pod Pradědem,Czech Republic,793 26,333
266,Pacorro,Colbeck,pcolbeck7d@paypal.com,672-580-9735,266 Buena Vista Crossing,Gayny,Russia,619650,896
267,Bernie,Kuhndel,bkuhndel7e@addthis.com,547-734-7804,0276 Old Gate Way,Bouarouss,Morocco,,74
268,Lucina,Lemmens,llemmens7f@craigslist.org,249-688-7910,406 Evergreen Point,Okotoks,Canada,T1S,789
269,Brucie,Kibbel,bkibbel7g@xrea.com,116-704-0436,566 Stoughton Avenue,Filipstad,Sweden,682 33,184
270,Giffie,Emanueli,gemanueli7h@buzzfeed.com,582-805-7997,36504 Hansons Place,Kolyubakino,Russia,143144,265
271,Denney,Sweetsur,dsweetsur7i@engadget.com,503-160-3865,1 Lien Circle,Hongshi,China,,695
272,Flori,Ovitz,fovitz7j@shop-pro.jp,958-668-4682,57 Oneill Parkway,Fushui,China,,396
273,Chrisse,Janse,cjanse7k@walmart.com,230-472-2121,88 Sullivan Street,Sighnaghi,Georgia,,348
274,Linea,Beharrell,lbeharrell7l@weather.com,317-707-5939,93 Elmside Circle,Seminole,United States,34642,727
275,Britt,Burghill,bburghill7m@sourceforge.net,860-607-8569,0 Logan Way,Daoukro,Ivory Coast,,880
276,Angie,McCaughen,amccaughen7n@mayoclinic.com,205-995-3093,35523 Brentwood Alley,Satita,Syria,,643
277,Martina,Jellybrand,mjellybrand7o@pbs.org,747-659-2928,78595 Lighthouse Bay Road,Kalangbret,Indonesia,,116
278,Olly,Digwood,odigwood7p@businessinsider.com,373-679-5647,4 Northport Avenue,Ölgiy,Mongolia,,917
279,Rosabella,Brideoke,rbrideoke7q@canalblog.com,450-202-2838,276 Hauk Street,Frederiksberg,Denmark,1865,433
280,Syman,Dri,sdri7r@google.es,772-637-8940,61 Park Meadow Circle,West Palm Beach,United States,33405,80
281,Roman,Goroni,rgoroni7s@economist.com,312-128-4419,08889 Browning Road,Chicago,United States,60674,55
282,Casie,Choak,cchoak7t@jugem.jp,555-266-1863,28 Spohn Terrace,Cangchang,China,,896
283,Toma,Daintry,tdaintry7u@time.com,811-726-4873,794 American Ash Road,Boconó,Venezuela,,675
284,Auria,Rack,arack7v@slate.com,166-176-2542,08831 North Center,Garies,South Africa,8223,900
285,Moe,Birdsall,mbirdsall7w@livejournal.com,666-100-3499,150 Grover Park,Puerto Alto,Honduras,,974
286,Griswold,Baldrey,gbaldrey7x@oaic.gov.au,249-411-0043,841 Summerview Place,Napenay,Argentina,3706,535
287,Atalanta,MacNeish,amacneish7y@bloglines.com,656-833-9685,0979 Nevada Avenue,Yege,China,,919
288,Fredericka,Lewer,flewer7z@fc2.com,137-988-1840,97296 Buhler Avenue,Şaqānis,Tunisia,,910
289,Jarrid,Beekman,jbeekman80@smh.com.au,805-141-3400,28 Grim Hill,Kirovskiy,Russia,692089,782
290,Adel,Mynett,amynett81@utexas.edu,746-490-4668,284 Kipling Way,Jinluo,China,,887
291,Thorndike,Hadlington,thadlington82@huffingtonpost.com,828-726-1893,540 Knutson Circle,Novomyshastovskaya,Russia,353831,166
292,Tabina,Thomton,tthomton83@pagesperso-orange.fr,214-863-0112,7448 Fairview Pass,Gnosjö,Sweden,335 24,130
293,Jodi,McCarroll,jmccarroll84@issuu.com,302-469-8538,6043 Shasta Pass,El Tablón,Honduras,,453
294,Aldis,Fraczak,afraczak85@mozilla.org,221-102-1108,4 Annamark Terrace,Da’an,China,,795
295,Sargent,Bassill,sbassill86@yahoo.co.jp,653-802-8780,6 Derek Center,Nanwai,China,,84
296,Cathyleen,Yushkin,cyushkin87@patch.com,392-471-9815,7949 Petterle Street,Niquero,Cuba,,372
297,Emmerich,Dyte,edyte88@discovery.com,969-353-8293,687 Delaware Trail,Siasi,Philippines,7412,451
298,Josefa,Bolter,jbolter89@virginia.edu,841-393-6359,91502 Farmco Place,Řehlovice,Czech Republic,403 13,844
299,Sol,Vedishchev,svedishchev8a@1688.com,271-606-0513,3027 Fairview Junction,Ishqoshim,Tajikistan,,15
300,Tully,Cail,tcail8b@behance.net,325-859-0710,26 Sutteridge Point,Piskavica,Bosnia and Herzegovina,,756
301,Frieda,Daly,fdaly8c@de.vu,953-964-4472,1 Mccormick Avenue,Nueva Germania,Paraguay,,788
302,Sheri,Elvish,selvish8d@amazon.co.jp,132-321-2125,5328 Surrey Circle,Vishnyeva,Belarus,,822
303,Kent,Shoreson,kshoreson8e@yellowpages.com,838-839-6058,1 Daystar Drive,Monte,Portugal,3870-123,194
304,Iain,Marr,imarr8f@reverbnation.com,910-847-5061,968 Continental Point,Tailing,China,,902
305,Felice,Skoof,fskoof8g@reuters.com,369-299-2995,88230 Debra Terrace,Jembangan,Indonesia,,318
306,Hinze,Nussgen,hnussgen8h@disqus.com,503-716-7137,3336 Dakota Point,Shwebo,Myanmar,,694
307,Joellen,Gallacher,jgallacher8i@marketwatch.com,741-295-0614,2 Redwing Crossing,Delvinë,Albania,,611
308,Aland,Krzyzanowski,akrzyzanowski8j@dmoz.org,838-218-2421,13 Tomscot Parkway,Ruda Śląska,Poland,41-717,131
309,Lane,Boggon,lboggon8k@yelp.com,285-383-4512,775 Fulton Parkway,Roliça,Portugal,2540-664,502
310,Crysta,Dreinan,cdreinan8l@cdc.gov,733-154-7413,1883 Texas Crossing,Tsant,Mongolia,,206
311,Kaitlin,Donegan,kdonegan8m@furl.net,265-915-9172,8783 North Pass,Kadubincarung,Indonesia,,943
312,Cynthea,Bottleson,cbottleson8n@cam.ac.uk,744-174-4675,61 Hallows Hill,Wucun,China,,104
313,Corbet,Paaso,cpaaso8o@home.pl,788-970-2194,4 East Lane,Villa Nueva,Guatemala,01064,19
314,Livvyy,Reinhart,lreinhart8p@issuu.com,306-421-3935,0982 Butterfield Road,Cankova,Slovenia,9261,256
315,Finn,Sivill,fsivill8q@blinklist.com,668-582-4790,805 Sachs Park,Refojos de Riba de Ave,Portugal,4825-296,755
316,Phyllida,Jesty,pjesty8r@narod.ru,922-850-4521,9 Elka Alley,La Montañita,Colombia,181067,310
317,Danni,Augustine,daugustine8s@sourceforge.net,125-729-2848,56399 Havey Pass,Schellenberg,Liechtenstein,9488,131
318,Ron,Carde,rcarde8t@tripadvisor.com,287-808-4400,3957 Ilene Alley,Weichanglu,China,,57
319,Kaye,Lyttle,klyttle8u@archive.org,590-206-8671,14508 Mallard Way,Yasugichō,Japan,699-0103,799
320,Leela,Hedley,lhedley8v@nytimes.com,238-288-8988,55 Anniversary Avenue,Kopychyntsi,Ukraine,,810
321,Neddie,Kingscote,nkingscote8w@multiply.com,567-240-7376,4049 Cambridge Circle,Hengfan,China,,362
322,Nerita,Spracklin,nspracklin8x@t-online.de,286-959-8188,230 Barnett Park,Pridonskoy,Russia,394091,339
323,Lenora,Sappy,lsappy8y@adobe.com,928-750-0825,09 Eliot Parkway,Dazuo,China,,398
324,Denni,Cossey,dcossey8z@amazon.co.uk,901-308-9870,56123 Muir Junction,Shimorskoye,Russia,607036,517
325,Brenna,O'Kelly,bokelly90@jimdo.com,358-897-0795,293 Cordelia Court,Dolna Banjica,Macedonia,1238,592
326,Pascale,Cleugher,pcleugher91@boston.com,902-723-8411,0715 Melody Plaza,Lakatnik,Bulgaria,2281,760
327,Krysta,Martygin,kmartygin92@independent.co.uk,565-441-2440,343 Fairfield Center,Dongshangguan,China,,245
328,Becka,Chesser,bchesser93@360.cn,955-845-1678,04 Shasta Circle,Rinbung,China,,913
329,Rorie,Crowe,rcrowe94@home.pl,134-670-7152,9 Sunnyside Park,Skillingaryd,Sweden,568 92,89
330,Gratia,Grinyakin,ggrinyakin95@ca.gov,191-552-6969,4 Fieldstone Center,Puyan,China,,610
331,Judi,Jellard,jjellard96@mtv.com,779-795-3671,1978 East Street,Tomdibuloq,Uzbekistan,,113
332,Quincey,Gulley,qgulley97@answers.com,264-888-3542,996 Johnson Circle,Alcabideche,Portugal,2645-024,332
333,Harli,Antognetti,hantognetti98@ox.ac.uk,428-387-1956,3511 Jana Alley,Svenljunga,Sweden,512 93,143
334,Edna,Vasyunkin,evasyunkin99@cnet.com,961-752-2428,7100 Eggendart Pass,Álli Meriá,Greece,,157
335,Blondell,Cotmore,bcotmore9a@npr.org,183-976-8350,601 Kim Place,Krynychky,Ukraine,,518
336,Evyn,Jako,ejako9b@msn.com,461-502-1010,20239 Nova Place,Halmstad,Sweden,300 10,636
337,Beret,Elbourne,belbourne9c@nps.gov,381-990-1574,5383 Mcguire Place,Ishikawa,Japan,960-1476,307
338,Annalise,Oak,aoak9d@mapquest.com,991-645-4602,94188 Surrey Trail,Huinca Renancó,Argentina,6270,29
339,Edythe,Stratley,estratley9e@xing.com,513-155-9028,087 Norway Maple Crossing,Camagüey,Cuba,,343
340,Pamela,Strang,pstrang9f@t.co,184-740-9303,436 Farwell Way,Kirovskiy,Russia,692089,703
341,Denny,Cobby,dcobby9g@washingtonpost.com,664-437-1650,282 Nancy Hill,Cabarroguis,Philippines,3400,133
342,Bruis,Quartly,bquartly9h@desdev.cn,969-221-1755,926 Claremont Circle,Kamionka,Poland,21-132,245
343,Claretta,Brabon,cbrabon9i@google.co.jp,808-869-4966,23 Vermont Parkway,Linhu,China,,898
344,Simmonds,Bannell,sbannell9j@cdc.gov,881-750-1798,85 Daystar Terrace,Pieniężno,Poland,14-520,36
345,La verne,Paddison,lpaddison9k@rambler.ru,499-378-5949,4 Katie Point,Situsari,Indonesia,,329
346,Emmy,Sculley,esculley9l@uiuc.edu,867-677-5659,74 Leroy Hill,Bosen,Indonesia,,682
347,Matelda,Bankes,mbankes9m@nymag.com,896-520-8416,5 Arrowood Pass,Lingbei,China,,401
348,Cindee,Branscomb,cbranscomb9n@rakuten.co.jp,618-209-1152,62495 Boyd Lane,Cát Bà,Vietnam,,155
349,Sydelle,Westley,swestley9o@va.gov,236-398-8138,5 Dennis Plaza,Jiaoxie,China,,904
350,Kaleb,Andrejs,kandrejs9p@mac.com,518-337-1769,7426 Walton Alley,Kościerzyna,Poland,83-401,13
351,Michaeline,Trevena,mtrevena9q@tripadvisor.com,892-308-9919,55 Kings Crossing,Dębno,Poland,74-400,385
352,Letisha,McKague,lmckague9r@nationalgeographic.com,510-193-2487,8283 Nova Plaza,Hirara,Japan,906-0301,367
353,Anjela,Gateland,agateland9s@twitpic.com,251-541-9207,8545 Lotheville Trail,Pasar Kulon,Indonesia,,196
354,Zarla,Tethcote,ztethcote9t@paypal.com,188-131-6799,4644 Morningstar Center,Ghayl Bā Wazīr,Yemen,,229
355,Brinna,Laba,blaba9u@behance.net,519-824-1082,7 Maryland Avenue,Tilang,Indonesia,,975
356,Ethelyn,Drillot,edrillot9v@cbslocal.com,303-189-5337,827 Thackeray Point,Pingyang,China,,822
357,Ana,Reston,areston9w@nih.gov,405-934-4100,5 Havey Terrace,Frei,Norway,6524,444
358,Gage,McDiarmid,gmcdiarmid9x@rambler.ru,161-269-8499,748 Harbort Pass,Sanquan,China,,116
359,Sarina,Berk,sberk9y@hatena.ne.jp,498-758-5950,526 Derek Center,Konongo,Ghana,,86
360,Joelie,Bunting,jbunting9z@harvard.edu,377-404-3063,59660 Oneill Circle,Zhaocun,China,,964
361,Bjorn,Muddiman,bmuddimana0@scientificamerican.com,769-541-2649,7 Raven Plaza,Beauvais,France,60006 CEDEX,95
362,Alessandro,Willshere,awillsherea1@comsenz.com,616-391-3775,06887 Kedzie Hill,San Pablo,Costa Rica,12001,736
363,Allyn,Bill,abilla2@sciencedirect.com,925-143-2054,0 Roth Plaza,Nanhai,China,,450
364,Tedmund,Arnefield,tarnefielda3@tuttocitta.it,836-306-7230,431 Walton Street,Tumcon Ilawod,Philippines,1045,300
365,Pietra,Gleadhell,pgleadhella4@simplemachines.org,593-831-3858,26783 Maywood Pass,Dikou,China,,923
366,Hillary,Ramelet,hrameleta5@about.com,224-382-7451,24 Shopko Trail,Notre-Dame-des-Prairies,Canada,K6V,80
367,Clem,Marcinkowski,cmarcinkowskia6@joomla.org,967-619-1761,5928 Russell Hill,Tamorot,Morocco,,945
368,Pauletta,Hasel,phasela7@jigsy.com,329-489-1896,1 Nova Crossing,Brochów,Poland,05-088,126
369,Orville,Ebsworth,oebswortha8@buzzfeed.com,354-734-3153,27260 Mallory Hill,Pasirpengarayan,Indonesia,,769
370,Kimmy,Emes,kemesa9@myspace.com,855-218-9754,3 Lawn Way,La Libertad,Nicaragua,,820
371,Bruno,Marlen,bmarlenaa@dmoz.org,264-541-7039,573 Park Meadow Terrace,Itápolis,Brazil,14900-000,125
372,Marena,Jannequin,mjannequinab@tmall.com,406-123-1769,2 Kim Circle,Rominimbang,Philippines,9614,917
373,Doro,Gowdie,dgowdieac@addtoany.com,418-621-3959,4 Springs Road,Kobuleti,Georgia,,421
374,Bartolemo,Cancutt,bcancuttad@nydailynews.com,525-123-3805,45 Drewry Crossing,Ezeiza,Argentina,1804,741
375,Remus,Franies,rfraniesae@tumblr.com,471-945-5852,58437 Barby Pass,Sanfins,Portugal,4520-525,704
376,Stefa,Nottingham,snottinghamaf@ed.gov,704-597-5778,60 Maple Wood Way,Charlotte,United States,28289,603
377,Hannah,Cayzer,hcayzerag@mayoclinic.com,233-948-3446,87 Rutledge Crossing,Ondores,Peru,,371
378,Josee,Foro,jforoah@ow.ly,780-734-3031,5256 Forster Place,Danglang Hudong,China,,521
379,Lennie,Telega,ltelegaai@ox.ac.uk,361-205-8085,340 Summit Park,Nganane,Tanzania,,52
380,Editha,Anscombe,eanscombeaj@example.com,281-460-8018,00079 Reinke Plaza,Amarillo,United States,79176,298
381,Brose,Bener,bbenerak@wsj.com,140-853-9884,23780 Bay Way,Shuangxi,China,,237
382,Carrissa,Rochford,crochfordal@xing.com,879-838-3376,8827 Morning Junction,Ploemeur,France,56274 CEDEX,116
383,Beryl,Beves,bbevesam@nbcnews.com,865-950-8227,633 Clemons Plaza,Giedlarowa,Poland,40-401,306
384,Miner,McDougle,mmcdouglean@desdev.cn,195-749-1055,5 Hovde Terrace,Kawangu,Indonesia,,515
385,Ulrick,Tidgewell,utidgewellao@addtoany.com,365-566-7919,00 Norway Maple Crossing,Shebekino,Russia,309296,271
386,Ninetta,Keeri,nkeeriap@yolasite.com,478-602-5190,47 Express Terrace,Maba,China,,223
387,Gregorius,Gilchrest,ggilchrestaq@psu.edu,192-313-8005,5 Colorado Court,Mosteiros,Portugal,9555-145,178
388,Earlie,Coltart,ecoltartar@netvibes.com,119-403-6900,10107 Hanover Center,Álimos,Greece,,389
389,Tonia,Margetts,tmargettsas@va.gov,262-602-1669,23 Fuller Trail,Złotów,Poland,77-400,564
390,Merrick,Tuppeny,mtuppenyat@people.com.cn,302-133-3440,3 Linden Place,Nikkō,Japan,321-1436,640
391,Fanny,Rentalll,frentalllau@tripadvisor.com,152-262-0933,21944 Vermont Pass,Greystones,Ireland,A63,261
392,Irv,Akister,iakisterav@canalblog.com,873-812-6943,4 Sugar Way,Azenhas do Mar,Portugal,2705-085,259
393,Clovis,Brasseur,cbrasseuraw@jalbum.net,671-478-1049,1 Westend Lane,Murcia,Spain,30005,817
394,Mark,Deble,mdebleax@drupal.org,623-833-9992,5 David Alley,Yintang,China,,327
395,Giustino,D'Ambrogi,gdambrogiay@ehow.com,362-518-7950,62196 Twin Pines Street,Kuala Lumpur,Malaysia,50150,13
396,Garey,Louthe,gloutheaz@reverbnation.com,414-179-6275,12 Lillian Alley,Shchigry,Russia,399505,651
397,Deirdre,Moggan,dmogganb0@deliciousdays.com,694-105-0253,29267 Canary Point,Los Guayos,Venezuela,,251
398,Karlis,Pettifer,kpettiferb1@taobao.com,415-177-8728,51 Farwell Pass,Mamurras,Albania,,596
399,Ignacius,Jodrellec,ijodrellecb2@forbes.com,315-715-0728,53643 Lien Alley,Cigadog Hilir,Indonesia,,672
400,Devonna,Monk,dmonkb3@cnbc.com,138-406-8414,72631 Monica Alley,Putun,Indonesia,,209
401,Aurilia,Scrivner,ascrivnerb4@edublogs.org,354-428-7680,32 Sutherland Court,Saarbrücken,Germany,66119,580
402,Herminia,Thickin,hthickinb5@weebly.com,732-751-7214,40 Old Gate Avenue,Bègles,France,33324 CEDEX,43
403,Joseito,Asbrey,jasbreyb6@economist.com,286-569-5439,597 Clarendon Point,Yangkang,China,,999
404,Celestyna,Essberger,cessbergerb7@t-online.de,658-608-8188,47998 Merry Crossing,Saint Catherine,Egypt,,627
405,Darcy,Finlaison,dfinlaisonb8@twitpic.com,101-657-5499,555 Springview Park,Esuk Oron,Nigeria,,880
406,Elfrieda,Braizier,ebraizierb9@sina.com.cn,585-666-0885,33710 Tennyson Circle,Uchaly,Russia,453703,218
407,Miran,Handasyde,mhandasydeba@yale.edu,534-807-6086,54 Tennessee Street,Puunage,Indonesia,,606
408,Karmen,Benedito,kbeneditobb@diigo.com,123-989-8332,065 Hollow Ridge Way,Facatativá,Colombia,253017,620
409,Garek,Duran,gduranbc@wp.com,860-499-0752,377 Springs Street,Torreira,Portugal,3870-306,665
410,Rogers,Hailston,rhailstonbd@columbia.edu,307-192-5037,954 Daystar Alley,Göteborg,Sweden,400 15,263
411,Georgetta,Showt,gshowtbe@sohu.com,921-125-4997,0 Corben Trail,Pagangan,Philippines,4801,29
412,Cello,Woolvin,cwoolvinbf@nydailynews.com,290-963-2007,23042 Wayridge Point,Baška Voda,Croatia,21320,554
413,Shandie,Durber,sdurberbg@paginegialle.it,478-152-9827,56 Butternut Terrace,Cañuelas,Argentina,1814,387
414,Idaline,Geal,igealbh@barnesandnoble.com,657-636-4647,7686 Oriole Street,Bukui,China,,218
415,Harriett,Ivashnikov,hivashnikovbi@theglobeandmail.com,403-400-4916,8 Carberry Avenue,Tawau,Malaysia,91030,47
416,Neysa,Bergstram,nbergstrambj@nifty.com,523-304-2325,6227 Prentice Point,Dobra,Poland,72-210,862
417,Evy,Clowser,eclowserbk@cyberchimps.com,295-257-6880,6 Bowman Center,Balangpule,Indonesia,,233
418,Carney,Cooke,ccookebl@amazon.co.uk,236-429-9407,594 Butterfield Road,Mohammedia,Morocco,,821
419,Nestor,Aldridge,naldridgebm@whitehouse.gov,107-894-5072,1 Ridgeway Hill,Mammari,Cyprus,,2
420,Christine,Skinner,cskinnerbn@webmd.com,669-894-4139,22 Westridge Pass,Warlubie,Poland,86-160,81
421,Sylas,Anscott,sanscottbo@thetimes.co.uk,362-176-8039,9588 Buhler Terrace,Thị Trấn Mỹ Lộc,Vietnam,,845
422,Isa,Grasser,igrasserbp@webeden.co.uk,480-177-6680,52183 Esch Court,Scottsdale,United States,85260,131
423,Chrisse,Tesyro,ctesyrobq@java.com,447-258-9768,4951 Riverside Junction,Wang Sombun,Thailand,27250,797
424,Tasha,Fortoun,tfortounbr@icq.com,285-801-2924,03 Holy Cross Pass,Wadung,Indonesia,,872
425,Josh,Kaes,jkaesbs@meetup.com,356-813-5931,8580 Center Way,Oenpeotnai,Indonesia,,72
426,Janaye,Costigan,jcostiganbt@economist.com,246-744-6591,7 Mockingbird Crossing,Bor,Russia,606448,222
427,Darrin,Kilfeder,dkilfederbu@umn.edu,472-124-4780,96397 Mariners Cove Place,Noisy-le-Grand,France,93462 CEDEX,458
428,Tremaine,Tegeller,ttegellerbv@clickbank.net,585-141-7523,66 Pepper Wood Drive,Rochester,United States,14652,107
429,Janek,Badrick,jbadrickbw@topsy.com,827-451-3633,87630 Karstens Park,Arfará,Greece,,864
430,Effie,Paumier,epaumierbx@bloglines.com,702-265-7321,64584 3rd Street,Las Vegas,United States,89160,344
431,Augustina,Denty,adentyby@booking.com,976-869-5303,359 Union Trail,Yangying,China,,375
432,Larissa,Dashkovich,ldashkovichbz@booking.com,551-486-5636,9 Sutteridge Lane,Yallahs,Jamaica,,440
433,Junia,Fish,jfishc0@ustream.tv,967-827-6245,2056 Springs Parkway,Jinghong,China,,779
434,Osgood,Eyre,oeyrec1@goodreads.com,939-387-5045,71 Cherokee Crossing,Jianggang,China,,897
435,Teresita,Fortie,tfortiec2@trellian.com,409-628-1669,97795 Troy Avenue,Luzhou,China,,121
436,Maressa,Reyburn,mreyburnc3@businessinsider.com,625-253-3161,4564 Shasta Terrace,Puubheto,Indonesia,,657
437,Bea,Foye,bfoyec4@privacy.gov.au,366-224-2876,23987 Drewry Circle,Liangguang,China,,921
438,Robenia,Howett,rhowettc5@jiathis.com,462-606-7035,52 Moland Center,Kalangbret,Indonesia,,59
439,Manon,Wittleton,mwittletonc6@google.com.hk,466-890-1323,401 Haas Road,Zuocun,China,,938
440,Granville,Kenworthey,gkenwortheyc7@canalblog.com,475-411-4270,9 Porter Alley,Lobão,Portugal,4505-427,956
441,Orren,Benford,obenfordc8@census.gov,281-957-7102,687 Bunker Hill Point,Oslo,Norway,1001,254
442,Othilia,Carver,ocarverc9@aol.com,164-134-9220,1293 Lakeland Circle,Porto Martins,Portugal,9760-099,292
443,Elisha,Harley,eharleyca@nationalgeographic.com,116-773-0695,402 Lindbergh Terrace,Milot,Haiti,,386
444,Ardelle,Keelinge,akeelingecb@ehow.com,484-991-2485,1 Blue Bill Park Terrace,Kristiansand S,Norway,4671,366
445,Garland,Serginson,gserginsoncc@soup.io,436-483-6515,90 Clemons Crossing,Pedregulho,Brazil,14470-000,345
446,Des,Greensall,dgreensallcd@zdnet.com,162-792-6092,5 Vidon Place,Lixiqiao,China,,504
447,Emylee,Stollmeyer,estollmeyerce@hc360.com,646-357-8657,0 Cambridge Junction,Mała Wieś,Poland,09-460,682
448,Rogers,Bancroft,rbancroftcf@prweb.com,832-668-0713,7 Sachtjen Point,Bécancour,Canada,G9H,828
449,Theresita,Blanchard,tblanchardcg@dailymail.co.uk,670-173-1101,0168 Scofield Place,Changfeng,China,,997
450,Damian,Gooke,dgookech@bandcamp.com,588-303-0623,08645 Kensington Street,Hangwula,China,,814
451,Di,Abell,dabellci@bloomberg.com,966-558-5565,1 4th Crossing,Cane,Honduras,,342
452,Abra,Goodhall,agoodhallcj@globo.com,483-603-5304,509 Harbort Point,Minshan,China,,57
453,Rutter,De Dantesie,rdedantesieck@creativecommons.org,707-913-7311,38907 Stephen Pass,Phichit,Thailand,18000,414
454,Penelopa,Garoghan,pgaroghancl@seattletimes.com,661-467-7235,0294 Kinsman Terrace,Belanting,Indonesia,,360
455,Jessamyn,Rohlfs,jrohlfscm@linkedin.com,612-420-3734,4 7th Parkway,Tlogowungu,Indonesia,,946
456,Coreen,Dumbelton,cdumbeltoncn@yellowpages.com,928-765-4559,606 Sauthoff Lane,Bejucal,Cuba,,292
457,Nero,Pyser,npyserco@cnbc.com,207-550-1711,1120 New Castle Parkway,Bakhmach,Ukraine,,184
458,Johanna,de Clerk,jdeclerkcp@hc360.com,198-873-6725,49947 Coleman Hill,Curuzú Cuatiá,Argentina,3466,994
459,Lennard,Goodyear,lgoodyearcq@omniture.com,450-579-8980,8235 Marquette Pass,Chợ Mới,Vietnam,,168
460,Christoper,Caccavari,ccaccavaricr@usgs.gov,138-882-0672,3 Bobwhite Circle,Haixing,China,,611
461,Jasun,Probert,jprobertcs@msn.com,711-722-9613,635 Darwin Junction,Kosonsoy Shahri,Uzbekistan,,208
462,Pauline,Chupin,pchupinct@dailymail.co.uk,723-120-8076,4374 Melrose Court,Chunhua,China,,356
463,Arabele,Oxtoby,aoxtobycu@discovery.com,139-162-2716,2658 Orin Pass,Barru,Indonesia,,368
464,Alfy,Burdass,aburdasscv@sourceforge.net,139-546-0482,478 South Court,Rossosh’,Russia,443033,704
465,Dun,Aaronson,daaronsoncw@prweb.com,411-228-8618,485 Buhler Park,Langchuan,China,,622
466,Dorthea,Waything,dwaythingcx@mail.ru,184-625-2511,129 Corry Park,Kangle,China,,160
467,Ariela,Reddington,areddingtoncy@paginegialle.it,343-175-3640,2753 Manitowish Crossing,Camasca,Honduras,,559
468,Wheeler,Pascoe,wpascoecz@google.com.hk,104-932-4342,92100 Gina Terrace,Valença do Piauí,Brazil,64300-000,250
469,Dorella,Kyte,dkyted0@state.gov,458-642-9228,2410 Vahlen Circle,Amphoe Sikhiu,Thailand,30140,555
470,Vick,Hebden,vhebdend1@mayoclinic.com,818-251-0486,04261 Anzinger Plaza,Baras,Philippines,4803,446
471,Lou,Van der Mark,lvandermarkd2@fda.gov,809-555-5959,21 Barnett Parkway,Sanhui,China,,256
472,Hugibert,MacMickan,hmacmickand3@twitter.com,117-942-2065,7 Springs Park,Taraz,Kazakhstan,,773
473,Estevan,Mandry,emandryd4@google.ru,482-986-7725,50194 Troy Plaza,Qingzhou,China,,844
474,Maggie,Doerr,mdoerrd5@examiner.com,738-877-0903,36 Laurel Crossing,Tía Juana,Venezuela,,576
475,Booth,Prestland,bprestlandd6@networkadvertising.org,692-314-3842,3 Reinke Lane,Samal,Philippines,2113,632
476,Bronson,Wayte,bwayted7@last.fm,115-873-1750,88 Surrey Place,Chłapowo,Poland,84-120,598
477,Gerek,Booi,gbooid8@huffingtonpost.com,437-789-5431,26 Sloan Road,Markópoulo,Greece,,669
478,Bendix,Kelshaw,bkelshawd9@utexas.edu,846-750-5765,1743 Basil Court,Arcueil,France,94114 CEDEX,647
479,Rodi,Aizikovitch,raizikovitchda@ocn.ne.jp,842-135-8846,480 Roth Drive,Dongjiang Matoukou,China,,666
480,Cordy,Baptie,cbaptiedb@upenn.edu,392-349-2306,27 Holmberg Circle,Doljo,Philippines,6340,451
481,Berty,Forsyde,bforsydedc@smh.com.au,859-383-2118,23131 Eagle Crest Court,Sumberpandan,Indonesia,,841
482,Otto,Islip,oislipdd@tripod.com,980-354-9140,5 Northridge Lane,Nova Venécia,Brazil,29830-000,419
483,Lorettalorna,Pashler,lpashlerde@over-blog.com,819-317-3284,04104 Monument Road,Jiajiaying,China,,226
484,Theo,Tattersall,ttattersalldf@de.vu,417-234-6917,5843 Summer Ridge Place,Enschede,Netherlands,7524,839
485,Corey,McAw,cmcawdg@parallels.com,141-561-4359,50 Crowley Circle,Lennec,Philippines,1117,148
486,Anastasia,Cutress,acutressdh@army.mil,160-737-3842,273 Messerschmidt Street,Mungkin,Indonesia,,121
487,Berta,Hehl,bhehldi@ted.com,246-573-5880,46 Melvin Center,Manevychi,Ukraine,,103
488,Vaclav,McLinden,vmclindendj@woothemes.com,104-882-5071,1 Shasta Point,Calapan,Philippines,5200,310
489,Marylou,Rhymer,mrhymerdk@dyndns.org,105-350-8809,19 Brentwood Junction,Baraguá,Cuba,,989
490,Innis,Bachs,ibachsdl@noaa.gov,639-518-9790,5 Bultman Drive,Tianhe,China,,353
491,Karina,Fairchild,kfairchilddm@mayoclinic.com,403-755-8328,15 Beilfuss Pass,Saripin,Indonesia,,199
492,Hagen,Matteini,hmatteinidn@fda.gov,155-791-0776,99 Spenser Terrace,Benito Juarez,Mexico,91716,150
493,Faith,Brayley,fbrayleydo@meetup.com,197-624-0132,7 Summer Ridge Hill,Candijay,Philippines,6312,631
494,Timothy,Baldassi,tbaldassidp@nytimes.com,256-186-1606,160 Merry Court,Tonota,Botswana,,121
495,Dionis,Jaycocks,djaycocksdq@nbcnews.com,306-996-0416,17 Dixon Road,Xinchenglu,China,,708
496,Grove,Monnoyer,gmonnoyerdr@fotki.com,959-950-6382,7 Schmedeman Hill,El Rancho,Honduras,,465
497,Antonino,McCoy,amccoyds@nature.com,452-363-8766,970 Toban Drive,Cantaura,Venezuela,,855
498,Andreas,Licence,alicencedt@soup.io,651-412-0430,79660 Schmedeman Junction,Uvira,Democratic Republic of the Congo,,604
499,Guthrey,Dows,gdowsdu@cdc.gov,287-644-3135,23850 Schlimgen Trail,Mangai,Democratic Republic of the Congo,,742
500,Ethe,Creeber,ecreeberdv@i2i.jp,400-644-5268,03042 Bultman Circle,Shilipu,China,,418
501,Iago,Blennerhassett,iblennerhassettdw@sitemeter.com,697-314-5149,5601 Victoria Road,Mundri,Indonesia,,130
502,Elroy,Lafontaine,elafontainedx@devhub.com,413-255-9182,8801 Lakewood Terrace,Longhe,China,,104
503,Ruggiero,Harbour,rharbourdy@blinklist.com,317-462-2421,8 Elmside Street,Cachimayo,Peru,,202
504,Darryl,Jewar,djewardz@nymag.com,436-215-5680,6509 Jenna Terrace,Guanmian,China,,921
505,Rodney,Showte,rshowtee0@skyrock.com,212-221-3238,2346 Bluejay Point,Otaslavice,Czech Republic,798 06,534
506,Marge,Brighouse,mbrighousee1@delicious.com,451-355-6205,47978 Lakewood Way,Kentville,Canada,B4N,98
507,Arvy,Gosalvez,agosalveze2@nifty.com,504-934-2842,77 Stuart Way,Mýrina,Greece,,963
508,Manda,Shafto,mshaftoe3@artisteer.com,198-132-1065,2611 Fisk Drive,Namalenga,Tanzania,,114
509,Nancee,Akett,nakette4@addtoany.com,225-861-6319,650 Merrick Avenue,Qiaole,China,,796
510,Buffy,Tolliday,btollidaye5@ustream.tv,901-818-3710,81340 Sugar Crossing,Memphis,United States,38197,706
511,Audry,Van Son,avansone6@reverbnation.com,446-398-9265,14 2nd Pass,Taouloukoult,Morocco,,502
512,Guss,Hancell,ghancelle7@soundcloud.com,875-842-7248,59 Luster Crossing,Gonbad-e Kāvūs,Iran,,845
513,Sasha,Chamberlaine,schamberlainee8@latimes.com,592-898-2429,453 Haas Lane,Puerto Rico,Argentina,3334,449
514,Thedrick,Drage,tdragee9@cmu.edu,903-735-7126,40 Glendale Street,Boje,Nigeria,,118
515,Kaycee,Alentyev,kalentyevea@ow.ly,154-399-4694,48 Anhalt Center,Bicos,Philippines,3126,939
516,Peyter,Rabbage,prabbageeb@reference.com,354-628-3087,99 Bartillon Place,Cevicos,Dominican Republic,10702,813
517,Scot,Symon,ssymonec@mac.com,442-723-9311,6314 Scofield Street,São Paio de Gramaços,Portugal,3400-696,815
518,Saw,Warwick,swarwicked@ehow.com,572-655-7430,1 Parkside Terrace,Talashkino,Russia,214512,517
519,Audrye,Longford,alongfordee@yolasite.com,128-809-2820,06091 American Trail,Ejmiatsin,Armenia,,147
520,Everett,Aulsford,eaulsfordef@delicious.com,595-512-2226,44 Ryan Road,Hongtang,China,,513
521,Fax,Rowen,froweneg@theglobeandmail.com,811-275-8872,65326 Brentwood Circle,Kafr Zaytā,Syria,,566
522,Conny,Donke,cdonkeeh@ebay.com,131-594-7291,65163 Kenwood Plaza,Huaqiao,China,,980
523,Janie,Lindner,jlindnerei@ifeng.com,338-611-8835,082 Namekagon Street,Daegu,South Korea,,664
524,Andrej,Gaymar,agaymarej@nytimes.com,375-443-9784,99284 7th Road,Prakhon Chai,Thailand,31140,518
525,Yoshi,Boater,yboaterek@whitehouse.gov,272-903-6155,412 Crownhardt Circle,Slavuta,Ukraine,,344
526,Karlan,Charter,kcharterel@disqus.com,837-147-0450,672 Straubel Way,Dongkeng,China,,240
527,Zaria,Twelve,ztwelveem@pinterest.com,949-558-4110,363 Badeau Parkway,Khao Wong,Thailand,46160,30
528,Lexis,Kerby,lkerbyen@skyrock.com,469-381-6723,1 Moulton Drive,Kosaya Gora,Russia,303167,10
529,Gustavus,Mingaud,gmingaudeo@topsy.com,495-817-6406,6 Randy Avenue,Yanggu’ao,China,,968
530,Lenna,Musker,lmuskerep@princeton.edu,238-696-1042,778 Porter Circle,Shenwan,China,,346
531,Eolande,Suffe,esuffeeq@youku.com,945-696-8540,1 Mitchell Junction,Talisay,Philippines,4602,433
532,Maria,Rameau,mrameauer@businessinsider.com,146-420-8450,34196 Northport Circle,Lasek,Poland,34-471,769
533,Francois,Ferrarini,fferrarinies@ow.ly,208-545-0491,84945 School Avenue,Kyosai,South Korea,,309
534,Calli,Iiannone,ciiannoneet@angelfire.com,604-747-1892,031 Butterfield Hill,Gaxung,China,,849
535,Yoshiko,Peatman,ypeatmaneu@histats.com,422-758-7610,53153 Debs Lane,Xinbao,China,,183
536,Broddy,Onthank,bonthankev@mediafire.com,652-358-4675,83 Southridge Hill,Sila,Indonesia,,889
537,Marcellus,Dewerson,mdewersonew@buzzfeed.com,535-900-3923,2 Stang Crossing,Toul,France,54204 CEDEX,952
538,Dudley,Sumpner,dsumpnerex@list-manage.com,782-558-4158,58 Northview Circle,Xiaocun,China,,510
539,Halley,Twigley,htwigleyey@umich.edu,933-914-5663,03 Corscot Drive,Pierzchnica,Poland,26-015,803
540,Vera,Mallebone,vmalleboneez@amazon.de,806-206-6574,07119 Morningstar Trail,Łaszczów,Poland,22-650,219
541,Isaiah,Berrington,iberringtonf0@digg.com,131-648-1208,21464 Carpenter Court,Union,Philippines,4314,192
542,Alfy,Salters,asaltersf1@infoseek.co.jp,465-420-7523,6060 Superior Parkway,Stockholm,Sweden,114 49,425
543,Dasya,Cuesta,dcuestaf2@earthlink.net,924-834-6787,05 Jana Place,Ōnojō,Japan,818-0138,103
544,Ben,Forsyth,bforsythf3@is.gd,622-613-8254,51861 Cardinal Place,Ust’-Kalmanka,Russia,658150,57
545,Phil,Linklater,plinklaterf4@xinhuanet.com,200-644-3865,4 Bunker Hill Point,Oued Lill,Tunisia,,162
546,Addia,Winterbourne,awinterbournef5@mozilla.org,513-766-4986,7 Mccormick Parkway,Malamig,Philippines,8501,567
547,Alexandr,Bracher,abracherf6@symantec.com,903-898-9671,14077 Little Fleur Point,Rovnoye,Russia,413270,50
548,Pamela,Strutley,pstrutleyf7@ted.com,713-181-2816,41213 Dryden Way,Longtang,China,,319
549,Herman,Shemilt,hshemiltf8@blogs.com,622-229-9957,36816 Parkside Plaza,Jorf,Morocco,,576
550,Willis,Lowen,wlowenf9@harvard.edu,995-358-0184,431 Sugar Pass,Regueiro,Portugal,4960-462,627
551,Jeremie,MacHoste,jmachostefa@cam.ac.uk,448-911-1707,77235 Talisman Point,Chengzihe,China,,45
552,Eustace,Roache,eroachefb@cnet.com,532-180-7175,03079 Sutherland Plaza,Campamento,Honduras,,20
553,Daisey,Mease,dmeasefc@hud.gov,821-641-1934,99987 Golden Leaf Park,Barueri,Brazil,06400-000,62
554,Kurtis,Corbally,kcorballyfd@ask.com,462-392-3373,1 Merchant Trail,Évosmos,Greece,,913
555,Melodie,Cathesyed,mcathesyedfe@senate.gov,635-787-3604,13 Vahlen Parkway,La Molina,Peru,,346
556,Dotti,Ride,drideff@fc2.com,165-428-0913,72274 Maryland Place,Koktal,Kazakhstan,,791
557,Linus,Parnaby,lparnabyfg@psu.edu,281-922-2738,10685 Canary Junction,Da’an,China,,486
558,Stace,Warke,swarkefh@joomla.org,252-699-0929,7231 Crescent Oaks Pass,Weifen,China,,490
559,Lucho,Lawrenson,llawrensonfi@marketwatch.com,958-606-6785,63 Marcy Court,Yuyue,China,,142
560,Delmer,Licciardello,dlicciardellofj@digg.com,222-185-9481,1717 Hollow Ridge Lane,Venlo,Netherlands,5914,681
561,Liva,Fattorini,lfattorinifk@seesaa.net,722-769-0043,45 Lakeland Pass,Buga,Mongolia,,905
562,Helen-elizabeth,Piatkow,hpiatkowfl@csmonitor.com,718-107-6699,601 Moose Hill,Runsonglaozhai,China,,924
563,Nichol,Akhurst,nakhurstfm@bloglovin.com,817-159-0243,71 Green Parkway,Helsingborg,Sweden,256 55,714
564,Nari,Henstone,nhenstonefn@jiathis.com,111-780-1326,007 Red Cloud Circle,Barroco,Portugal,4650-576,772
565,Florinda,Kernock,fkernockfo@reuters.com,901-693-0633,57 Blaine Alley,Sapucaia,Brazil,25880-000,303
566,Hogan,Jaquiss,hjaquissfp@wikispaces.com,796-615-1532,9 Bluestem Park,Mandalay,Myanmar,,22
567,Ignaz,Jolliss,ijollissfq@yahoo.co.jp,426-266-2540,24778 Miller Lane,Yanhu,China,,591
568,Andros,Speed,aspeedfr@merriam-webster.com,249-630-0517,63 Anhalt Trail,Auxerre,France,89024 CEDEX,824
569,Hally,Standingford,hstandingfordfs@yolasite.com,762-236-8097,699 Goodland Court,Hongwei,China,,100
570,Gayleen,Curedell,gcuredellft@youku.com,222-302-6454,109 Kedzie Trail,Apopa,El Salvador,,862
571,Berte,Stratley,bstratleyfu@flickr.com,738-213-3860,992 Monterey Hill,Bagumbayan,Philippines,9810,473
572,Brittani,Phipson,bphipsonfv@ycombinator.com,659-824-4562,62 Lien Center,Penápolis,Brazil,16300-000,392
573,Kailey,Rudkin,krudkinfw@google.com,753-671-5168,9534 Carberry Crossing,Santuario,Colombia,663008,978
574,Bart,Sphinxe,bsphinxefx@etsy.com,744-795-7306,47858 Laurel Terrace,Almeirim,Portugal,2080-006,344
575,Dominique,Reims,dreimsfy@hao123.com,639-823-1069,4488 Kensington Road,Tokombere,Nigeria,,299
576,Ninnetta,Langan,nlanganfz@edublogs.org,276-109-4986,949 Sunnyside Circle,Cầu Giấy,Vietnam,,238
577,Ardelia,Gullivent,agulliventg0@latimes.com,119-258-3800,03 Gina Trail,Dalongzhan,China,,944
578,Ralina,Grise,rgriseg1@amazon.co.uk,134-794-7433,266 Nova Junction,Mazhu,China,,217
579,Etta,Mellings,emellingsg2@ehow.com,552-908-9957,2 Hudson Pass,Gangnan,China,,178
580,Kristyn,Manuele,kmanueleg3@multiply.com,444-352-6316,901 Transport Terrace,Muñoz East,Philippines,5407,790
581,Domenic,Leggen,dleggeng4@samsung.com,923-938-9067,1 Mayfield Point,Araouane,Mali,,616
582,Mariya,Silkstone,msilkstoneg5@google.pl,574-331-0520,4862 Maryland Place,Chelbasskaya,Russia,353715,862
583,Ronnie,Kibard,rkibardg6@apache.org,146-842-6464,07 Eastwood Road,Snegiri,Russia,143591,966
584,Giustino,Dinley,gdinleyg7@free.fr,973-421-4231,60085 Golf Course Plaza,Ar Riqāmā,Syria,,441
585,Samantha,Loughlan,sloughlang8@elegantthemes.com,796-919-0246,907 Grayhawk Crossing,Ipatinga,Brazil,35160-000,74
586,Cecil,Rushford,crushfordg9@google.ru,223-586-0328,4 Canary Place,Chivhu,Zimbabwe,,22
587,Ilise,Powis,ipowisga@mysql.com,557-566-9083,5294 Namekagon Crossing,Bačka Palanka,Serbia,,618
588,Conn,O'Kennavain,cokennavaingb@shinystat.com,399-487-0468,955 Dapin Lane,Río Hondo,Guatemala,19003,410
589,Hamlin,Liddard,hliddardgc@house.gov,415-618-6592,45777 Tomscot Junction,Bojongsarung,Indonesia,,347
590,Brigham,Outhwaite,bouthwaitegd@mozilla.org,914-669-5665,72202 Forest Dale Alley,Nawal,Nepal,,808
591,Brit,Leguay,bleguayge@elpais.com,897-633-6065,881 Stone Corner Place,Desa Kertasari,Indonesia,,265
592,Maryanna,Jirick,mjirickgf@feedburner.com,690-239-1068,00147 Shoshone Terrace,Ghouazi,Morocco,,928
593,Terrye,Farland,tfarlandgg@digg.com,502-563-3422,79 Waxwing Parkway,Louisville,United States,40225,114
594,Charmian,Whitehorne,cwhitehornegh@utexas.edu,103-666-4655,74694 Acker Crossing,Pereval'noe,Ukraine,,839
595,Lela,Sivill,lsivillgi@acquirethisname.com,765-391-8964,16 Sherman Pass,Vidoši,Bosnia and Herzegovina,,804
596,Boyd,Bon,bbongj@ftc.gov,581-407-5085,764 Chive Parkway,Shahrud,Iran,,658
597,Stuart,Pagin,spagingk@samsung.com,518-158-5849,668 Killdeer Point,Nanpiao,China,,823
598,Heinrik,Eastope,heastopegl@technorati.com,869-268-9434,31483 Duke Road,Vilarinho,Portugal,3200-399,538
599,Meryl,Springer,mspringergm@ning.com,300-189-4450,6192 Hallows Street,Mondorf-les-Bains,Luxembourg,L-5659,522
600,Lorry,Aronovitz,laronovitzgn@jigsy.com,927-329-5081,384 Manitowish Avenue,Hepang,Indonesia,,828
601,Hildagarde,Ornillos,hornillosgo@amazon.co.jp,585-612-2620,12 Kipling Crossing,Mora,Cameroon,,226
602,Karlene,Goscar,kgoscargp@nydailynews.com,100-179-4178,85 Debs Point,Ningde,China,,773
603,Andrey,McConnel,amcconnelgq@eventbrite.com,740-676-5016,50231 Arkansas Street,Kempele,Finland,90451,765
604,Christie,Bawle,cbawlegr@dion.ne.jp,125-500-9891,0567 Scott Crossing,Zhiryatino,Russia,242030,288
605,Durward,Grigoriscu,dgrigoriscugs@behance.net,634-266-0035,370 Vidon Court,Napnapan,Philippines,5021,233
606,Amelita,Treace,atreacegt@nationalgeographic.com,728-427-2242,0 Butterfield Center,Huambalpa,Peru,,612
607,Lissi,Mort,lmortgu@tripod.com,110-138-4438,44 Carey Park,Villasis,Philippines,2427,870
608,Jeremy,Dewan,jdewangv@newyorker.com,249-717-7796,902 Pierstorff Point,Wakayama-shi,Japan,649-6326,650
609,Torr,MacFie,tmacfiegw@toplist.cz,544-675-5953,594 8th Circle,Bissen,Luxembourg,L-7794,66
610,Reeta,Thamelt,rthameltgx@cbslocal.com,958-810-2764,93074 6th Junction,Yunxiang,China,,255
611,Nara,Voisey,nvoiseygy@kickstarter.com,342-809-1951,73780 Garrison Drive,Telgawah,Indonesia,,412
612,Cory,Ennever,cennevergz@nymag.com,220-229-9302,29332 Algoma Circle,Beauceville,Canada,G5X,24
613,Tobi,Ryam,tryamh0@cpanel.net,975-211-8501,9 Walton Drive,Horní Jelení,Czech Republic,533 74,994
614,Barnett,Guest,bguesth1@addtoany.com,728-764-2205,3 Onsgard Alley,Pishaj,Albania,,457
615,Erwin,Mein,emeinh2@discuz.net,317-237-0075,148 Union Plaza,Indianapolis,United States,46254,9
616,Ambrosi,Dagg,adaggh3@guardian.co.uk,788-356-3057,85459 8th Alley,Lišov,Czech Republic,373 72,892
617,Derby,Etuck,detuckh4@sohu.com,249-104-1197,3 Bay Terrace,Yasinya,Ukraine,,369
618,Jackquelin,Charity,jcharityh5@google.com.br,205-366-8852,9 Warrior Drive,Khulm,Afghanistan,,527
619,Madison,Aspray,masprayh6@buzzfeed.com,659-506-2450,20 Ilene Trail,Sionogan,Philippines,1104,637
620,Stavros,Hallor,shallorh7@google.co.uk,183-160-4751,74 Tennyson Lane,Cacaopera,El Salvador,,149
621,Bryn,Greenough,bgreenoughh8@com.com,104-989-7484,3 Sunbrook Road,Baculin,Philippines,1060,400
622,Layla,Attow,lattowh9@prweb.com,936-704-0570,1 Rieder Trail,Poroshkovo,Ukraine,,527
623,Victoria,Mangam,vmangamha@dyndns.org,862-216-2166,622 Sloan Parkway,Lamak,Philippines,8608,537
624,Vidovik,Grigor,vgrigorhb@naver.com,304-608-8266,42 Springs Pass,Huntington,United States,25775,608
625,Gertruda,Lautie,glautiehc@disqus.com,675-391-4066,2582 Tennyson Alley,Kardamás,Greece,,34
626,Geordie,Posselow,gposselowhd@webs.com,862-909-5454,66 Macpherson Hill,Zhuangbu,China,,804
627,Karel,Do,kdohe@state.tx.us,862-619-3401,892 Coolidge Place,Savonlinna,Finland,57810,456
628,Ki,Stoving,kstovinghf@opensource.org,810-759-4113,422 Declaration Court,Xiaotao,China,,579
629,Arliene,McDyer,amcdyerhg@furl.net,561-991-6534,13 Schmedeman Parkway,Boynton Beach,United States,33436,187
630,Jacquenetta,Nolda,jnoldahh@histats.com,785-592-9003,224 Tennyson Crossing,Topeka,United States,66622,583
631,Rooney,Gath,rgathhi@discuz.net,616-432-2802,9399 Troy Junction,Juarez,Mexico,32630,21
632,Kean,Petts,kpettshj@bizjournals.com,476-247-2285,6815 Redwing Circle,Lages,Brazil,88500-000,708
633,Carine,Treleven,ctrelevenhk@cornell.edu,899-942-7338,6667 Caliangt Center,Pappádos,Greece,,247
634,Jessee,Galier,jgalierhl@flickr.com,312-842-1068,94965 Graedel Junction,San Fernando,Philippines,8711,953
635,Tommi,Glowacha,tglowachahm@spiegel.de,237-670-6418,6682 Atwood Plaza,Geneina,Sudan,,500
636,Harriette,Buer,hbuerhn@lulu.com,102-233-3304,3 Spohn Street,Raczki,Poland,16-420,528
637,Elene,Havers,ehaversho@163.com,221-336-3423,318 Karstens Crossing,Natarleba,Indonesia,,116
638,Krista,Lucock,klucockhp@paypal.com,998-932-0161,18 Luster Pass,Ouro Preto,Brazil,35400-000,876
639,Clementina,O' Borne,cobornehq@elegantthemes.com,942-307-7400,02629 Clove Hill,Voiron,France,38509 CEDEX,382
640,Stanislas,Kisbee,skisbeehr@free.fr,790-340-5888,3129 Pierstorff Drive,Ruše,Slovenia,2342,80
641,Artemas,Leebeter,aleebeterhs@wp.com,965-122-3535,2 Lyons Road,Mikhnëvo,Russia,142843,237
642,Tynan,Reeveley,treeveleyht@zdnet.com,967-122-5302,5 Westport Place,Seremban,Malaysia,70644,274
643,Urbano,Jamieson,ujamiesonhu@usda.gov,388-585-9246,03160 Alpine Crossing,Savanna-la-Mar,Jamaica,,776
644,Trula,MacLise,tmaclisehv@ftc.gov,245-946-1363,111 Porter Center,Zhangwan,China,,555
645,Mohandas,Laise,mlaisehw@aol.com,479-122-9053,1 Hoffman Place,Dazhou,China,,705
646,Verge,Brockhouse,vbrockhousehx@domainmarket.com,906-562-2883,6 Prairieview Avenue,Matiguás,Nicaragua,,905
647,Arlen,Dufaur,adufaurhy@hhs.gov,682-985-8664,77 Wayridge Drive,Londres,Argentina,4753,752
648,Nona,Moralis,nmoralishz@shinystat.com,252-174-1514,987 Menomonie Lane,Vuhlehirs’k,Ukraine,,67
649,Aidan,Blampy,ablampyi0@domainmarket.com,668-572-5081,306 Mandrake Court,Sirindhorn,Thailand,65150,919
650,Waylin,Ferro,wferroi1@netlog.com,112-131-0390,3 Hooker Way,Kalenderovci Donji,Bosnia and Herzegovina,,235
651,Averil,Signore,asignorei2@apache.org,985-326-8100,6 Kennedy Parkway,Paulo Afonso,Brazil,48600-000,264
652,Johan,Longmead,jlongmeadi3@miibeian.gov.cn,935-572-9632,23 Vernon Junction,Rila,Bulgaria,2630,144
653,Vale,Bellham,vbellhami4@freewebs.com,668-998-1752,7 Maple Wood Way,El Paisnal,El Salvador,,546
654,Wendie,O'Halleghane,wohalleghanei5@live.com,756-530-3778,513 Ludington Hill,Biguaçu,Brazil,88160-000,247
655,Chantal,Duiged,cduigedi6@shareasale.com,748-536-9719,03 Tomscot Circle,Haliut,China,,855
656,Terrijo,Heersma,theersmai7@craigslist.org,654-325-8308,95 Troy Point,Calubcub Dos,Philippines,0906,686
657,Gilberto,Diamond,gdiamondi8@washingtonpost.com,372-252-4771,54 Sachs Avenue,Novopodrezkovo,Russia,143020,602
658,Cory,Jefferys,cjefferysi9@wired.com,557-550-0323,826 Evergreen Point,Mopipi,Botswana,,398
659,Alford,Koppke,akoppkeia@symantec.com,776-551-4817,36 Continental Hill,Salegading,Indonesia,,668
660,Lexie,Liptrot,lliptrotib@gizmodo.com,702-763-2674,85772 Carberry Crossing,Limbangan,Indonesia,,98
661,Laurette,Leaves,lleavesic@pcworld.com,532-818-6257,8 Shopko Point,Taobei,China,,285
662,Cherilyn,Ingry,cingryid@time.com,163-265-4896,44 Golden Leaf Terrace,Costa Rica,Brazil,79550-000,875
663,Charo,Milland,cmillandie@nhs.uk,603-769-8686,683 Crescent Oaks Court,Tirah,Israel,,967
664,Krishna,Greenrod,kgreenrodif@ox.ac.uk,390-290-8950,89914 Erie Pass,Białogard,Poland,78-210,766
665,Dynah,Fulton,dfultonig@ifeng.com,925-592-8872,8 Tomscot Place,Yatsuomachi-higashikumisaka,Japan,939-2747,533
666,Carlos,McKoy,cmckoyih@ebay.co.uk,243-541-0112,02168 Bluestem Pass,Kletek,Indonesia,,565
667,Sawyer,Castagnet,scastagnetii@clickbank.net,604-112-0659,2878 5th Crossing,San Luis,Argentina,5209,195
668,Tandie,Bodicum,tbodicumij@flickr.com,452-206-6503,51 Marquette Way,Kozyatyn,Ukraine,,855
669,Sarah,Garrod,sgarrodik@dell.com,934-220-6917,0943 Tennyson Avenue,Baiyin,China,,37
670,Bordy,Behneke,bbehnekeil@about.com,701-917-1157,81 Surrey Court,Lecherías,Venezuela,,538
671,Val,Dulany,vdulanyim@discovery.com,217-982-0951,38 Clarendon Plaza,Leone,American Samoa,96799,329
672,Gerard,Clewlowe,gclewlowein@linkedin.com,878-602-8836,11958 Grover Way,Custóias,Portugal,5155-104,790
673,Betsey,Meffan,bmeffanio@twitter.com,271-354-7999,4372 Buhler Street,Pilpichaca,Peru,,182
674,Melisent,Knibbs,mknibbsip@ucoz.ru,578-464-2100,9059 Prairie Rose Trail,Bicas,Portugal,2205-496,159
675,Julio,Warbrick,jwarbrickiq@mtv.com,568-714-3567,801 Graceland Avenue,La Argentina,Colombia,415088,112
676,Julieta,Krolman,jkrolmanir@shop-pro.jp,836-631-1165,96 Blaine Avenue,Viedma,Argentina,8500,615
677,Marshal,Grayshan,mgrayshanis@ucoz.ru,657-695-7852,04 Dunning Plaza,Tajimi,Japan,507-0901,807
678,Valma,Trevna,vtrevnait@gov.uk,837-622-1736,198 Red Cloud Alley,Dzaoudzi,Mayotte,97615,748
679,Lorry,Castagna,lcastagnaiu@goo.ne.jp,951-528-2511,0 Hallows Trail,Mojokerto,Indonesia,,214
680,Leodora,Knibb,lknibbiv@techcrunch.com,697-194-5580,16 Veith Pass,Sheregesh,Russia,660126,79
681,Jessamyn,Salandino,jsalandinoiw@bloglovin.com,271-846-0641,002 Clove Hill,Colón,Cuba,,760
682,Janene,Jeram,jjeramix@mail.ru,513-885-0247,0568 Carey Terrace,Cincinnati,United States,45223,137
683,Jeremiah,Sands,jsandsiy@springer.com,616-655-2906,21 Marquette Alley,Oula Xiuma,China,,195
684,Antoni,Cantu,acantuiz@ebay.co.uk,839-632-4227,6 Killdeer Street,Qiaojia,China,,314
685,Rosabelle,Eronie,reroniej0@pen.io,498-395-8476,1 Mockingbird Street,Berlin,Germany,14199,186
686,Starr,Bass,sbassj1@digg.com,914-877-0486,2 Union Street,San Pedro,Philippines,4023,410
687,Shayla,Manuaud,smanuaudj2@ocn.ne.jp,679-852-7709,8 Dottie Parkway,Medvedovskaya,Russia,352720,599
688,Aluino,Gorring,agorringj3@nyu.edu,988-711-2213,45 Vermont Lane,Santa Cruz,Philippines,5105,419
689,Ronny,Ceaser,rceaserj4@youku.com,964-820-6614,73063 Harper Terrace,Guayatá,Colombia,153047,621
690,Lynea,Lardeur,llardeurj5@desdev.cn,431-716-6282,6535 Kensington Circle,Damatulan,Philippines,9607,403
691,Heloise,Heams,hheamsj6@youtube.com,655-130-4292,954 Bartelt Point,Pampas,Peru,,963
692,Catarina,Vogel,cvogelj7@diigo.com,985-700-3752,6 Mendota Center,Vellinge,Sweden,235 36,119
693,Traver,St Pierre,tstpierrej8@fotki.com,792-585-9962,11751 La Follette Avenue,Jönköping,Sweden,551 11,80
694,Raoul,Sheather,rsheatherj9@vistaprint.com,873-673-2283,24 Dwight Court,Lazaro Cardenas,Mexico,81803,679
695,Al,Wonfar,awonfarja@amazonaws.com,555-324-5653,17784 Hanover Parkway,كاف الجاع,Syria,,172
696,Trev,Filpo,tfilpojb@reference.com,180-405-5713,79 Hoffman Street,Paisha,China,,51
697,Jessie,Siemandl,jsiemandljc@mozilla.com,527-774-7233,60605 Red Cloud Pass,Blahodatne,Ukraine,,196
698,Ricki,Silbert,rsilbertjd@stumbleupon.com,502-717-1557,8 Merry Park,Louisville,United States,40298,368
699,Irena,Turton,iturtonje@cargocollective.com,370-514-1012,87 Hollow Ridge Point,Bezlyudivka,Ukraine,,52
700,Conroy,Gaunson,cgaunsonjf@ca.gov,524-396-9657,7347 Southridge Court,Paris 07,France,75353 SP 07,838
701,Gregory,Josovich,gjosovichjg@t-online.de,318-433-5913,52 Jackson Circle,Gornorechenskiy,Russia,692425,195
702,Rosco,Lorking,rlorkingjh@forbes.com,828-337-9123,95 Comanche Place,Ercheng,China,,169
703,Flynn,Broster,fbrosterji@mit.edu,835-753-0060,0435 Bartelt Circle,Lidong,China,,250
704,Drusy,Toffler,dtofflerjj@mlb.com,309-970-1608,5033 Mifflin Lane,Lagawe,Philippines,3600,179
705,Carine,Deport,cdeportjk@state.gov,850-862-9863,46069 Shasta Park,Langzhong,China,,40
706,Petra,Collie,pcolliejl@t.co,298-358-0876,24375 Shoshone Terrace,Nanjie,China,,438
707,Alic,Grey,agreyjm@buzzfeed.com,254-266-4715,64473 Sachs Park,Jumpangdua,Indonesia,,934
708,Dana,Shoulder,dshoulderjn@squidoo.com,361-510-7703,68758 Morningstar Center,Piraju,Brazil,18800-000,675
709,Lorene,Skotcher,lskotcherjo@shareasale.com,821-589-2688,2773 Bay Place,Videira,Brazil,89560-000,687
710,Cherilynn,Roddick,croddickjp@nps.gov,921-817-6965,9 Graedel Park,Sinjār,Syria,,805
711,Dannel,Livesley,dlivesleyjq@sitemeter.com,597-846-3925,13920 Erie Place,Orlová,Czech Republic,717 00,625
712,Geri,Myers,gmyersjr@mtv.com,665-590-9898,4987 Graceland Terrace,La Motte-Servolex,France,73295 CEDEX,953
713,Darnall,Deverock,ddeverockjs@oaic.gov.au,377-327-0311,06041 Gale Court,Piotrków Trybunalski,Poland,97-312,68
714,Smitty,Zaniolo,szaniolojt@usda.gov,417-615-8266,64 Bluejay Parkway,São Pedro do Estoril,Portugal,2765-343,464
715,Waylin,Niccolls,wniccollsju@huffingtonpost.com,885-565-6516,5690 Trailsway Court,Takari,Indonesia,,697
716,Jodi,O'Cahsedy,jocahsedyjv@ft.com,429-740-2349,01 Menomonie Pass,Nagano-shi,Japan,389-1227,863
717,Cecile,Cartmel,ccartmeljw@bbb.org,455-794-6589,62 Hayes Hill,Huangzhou,China,,810
718,Jonathan,Truder,jtruderjx@phoca.cz,251-316-4260,8 Esch Terrace,Lewotola,Indonesia,,437
719,Camala,Twidale,ctwidalejy@irs.gov,308-572-0254,17 Randy Junction,Perpignan,France,66845 CEDEX,41
720,Stephan,Branthwaite,sbranthwaitejz@umich.edu,668-701-0657,3501 Shoshone Plaza,Qaţanah,Palestinian Territory,,888
721,Gusti,Olenov,golenovk0@sbwire.com,801-770-7406,22 Derek Park,Orguz,Bosnia and Herzegovina,,358
722,Barby,Calveley,bcalveleyk1@reddit.com,351-705-8805,875 Donald Center,Rueil-Malmaison,France,92848 CEDEX,399
723,Agnese,Eakins,aeakinsk2@howstuffworks.com,170-983-0734,3 Kipling Park,Kunting,Gambia,,637
724,Marcelo,Aburrow,maburrowk3@businesswire.com,419-924-8952,0 Kinsman Lane,Malichang,China,,84
725,Cirillo,Heersma,cheersmak4@berkeley.edu,436-754-8538,0548 Sugar Pass,Borås,Sweden,507 10,26
726,Leighton,Dering,lderingk5@goo.ne.jp,195-536-9098,8 Larry Center,Banatsko Veliko Selo,Serbia,,454
727,Helene,Rannie,hranniek6@newsvine.com,692-275-1879,08948 Portage Circle,Zevgolateió,Greece,,842
728,Saloma,Cathery,scatheryk7@netvibes.com,889-460-6241,93477 Harper Lane,Del Rosario,Philippines,5408,814
729,Dorelia,Youngs,dyoungsk8@tinypic.com,223-839-1856,3 Spenser Plaza,Machetá,Colombia,250848,789
730,Alden,Toma,atomak9@i2i.jp,282-378-3845,33071 Grayhawk Drive,Karítsa,Greece,,761
731,Norry,McWilliams,nmcwilliamska@fotki.com,714-866-7152,127 Carpenter Crossing,Brotas,Brazil,17380-000,718
732,Correy,Liggens,cliggenskb@netlog.com,582-181-2454,93 Crest Line Road,Ronggo,Indonesia,,591
733,Brinn,Deakins,bdeakinskc@altervista.org,863-700-8664,37173 Eggendart Pass,Ozerne,Ukraine,,514
734,Thane,Tatters,ttatterskd@photobucket.com,591-542-5002,54 Graedel Terrace,Lewolang,Indonesia,,817
735,Harlene,Morot,hmorotke@simplemachines.org,922-473-2976,9692 Eastlawn Crossing,Tengah,Indonesia,,648
736,Aimil,Raoult,araoultkf@a8.net,899-195-6898,3738 Lindbergh Center,Xiamao,China,,39
737,Janice,Beach,jbeachkg@php.net,166-879-6152,91988 Merry Terrace,El Paraíso,Honduras,,175
738,Ingar,De Luna,idelunakh@4shared.com,203-914-1008,182 Chive Junction,New Haven,United States,06520,862
739,Emilia,Mufford,emuffordki@howstuffworks.com,129-420-4788,944 David Pass,Buzen,Japan,871-0921,947
740,Juliette,Sline,jslinekj@spotify.com,864-436-6414,39844 Bluejay Road,Khorinsk,Russia,671410,391
741,Ave,Heninghem,aheninghemkk@amazon.co.jp,606-464-8041,074 Morningstar Way,Fantan,Armenia,,879
742,Vere,Rapsey,vrapseykl@mit.edu,328-307-6965,601 Tennessee Trail,Ar Ramthā,Jordan,,708
743,Burty,Linley,blinleykm@boston.com,722-997-7957,19 Eastlawn Center,Keyi,China,,837
744,Hans,Akehurst,hakehurstkn@narod.ru,478-822-3646,679 New Castle Circle,Tomakivka,Ukraine,,270
745,Tanhya,Sharville,tsharvilleko@youtube.com,768-836-5471,4631 Hooker Junction,Sukumo,Japan,788-0363,28
746,Yasmin,Dartnall,ydartnallkp@flickr.com,896-235-1484,9386 Browning Terrace,Danderyd,Sweden,182 34,341
747,Kippar,Bulfield,kbulfieldkq@hugedomains.com,746-307-2982,2 Algoma Parkway,Atalaia,Portugal,2530-009,594
748,Manuel,Ferres,mferreskr@yale.edu,179-426-2453,855 Pierstorff Place,Sar Chakān,Afghanistan,,528
749,Lenna,McGready,lmcgreadyks@typepad.com,688-927-3652,295 Gale Avenue,Jun’an,China,,441
750,Cinderella,Santon,csantonkt@prnewswire.com,942-404-5144,4782 Arkansas Center,Jönköping,Sweden,556 31,902
751,Auroora,Rotge,arotgeku@dedecms.com,224-483-7679,73 Scoville Center,Cane,Honduras,,469
752,Erinn,Rofe,erofekv@ebay.com,688-412-6517,02 Corben Terrace,Keswick,Canada,L4P,357
753,Eachelle,Pleuman,epleumankw@comcast.net,850-592-1260,32 Vermont Point,Nowa Dęba,Poland,39-460,572
754,Hillel,Rosbrough,hrosbroughkx@4shared.com,744-878-6433,4045 Macpherson Road,Kamalasai,Thailand,46130,278
755,Ruthanne,Stavers,rstaversky@oaic.gov.au,846-379-9061,2757 Kipling Alley,Murygino,Russia,613641,453
756,Joye,Muddicliffe,jmuddicliffekz@noaa.gov,356-885-6579,25299 Rigney Point,Tirat Karmel,Israel,,6
757,Bertina,Weston,bwestonl0@studiopress.com,361-402-9120,1765 Grasskamp Parkway,Pidsandawan,Philippines,0921,97
758,Germaine,Dagleas,gdagleasl1@topsy.com,805-125-4851,00562 Lawn Pass,Bojongsarung,Indonesia,,76
759,Marsh,Reeken,mreekenl2@sourceforge.net,499-715-3208,18304 Cascade Pass,Boé,France,47555 CEDEX,741
760,Josefina,Pearce,jpearcel3@dailymail.co.uk,802-292-5511,274 Eggendart Hill,Bayuin,Philippines,4324,166
761,Chelsie,Liffey,cliffeyl4@npr.org,884-200-8517,1498 Lillian Point,Gongpo,China,,818
762,Babita,Hocking,bhockingl5@123-reg.co.uk,190-480-7586,70 Pleasure Crossing,Rialma,Brazil,76310-000,602
763,Tracey,Gashion,tgashionl6@sitemeter.com,413-530-1746,6086 Holy Cross Avenue,Vinhas,Portugal,4575-062,358
764,Sharity,Castilljo,scastilljol7@cloudflare.com,682-292-3197,5415 Rowland Street,Kyaukse,Myanmar,,263
765,Bambi,Kemmey,bkemmeyl8@chronoengine.com,548-252-7367,570 Riverside Hill,Vlycháda,Greece,,15
766,Myrah,Kobierra,mkobierral9@icq.com,101-122-0214,3 Mifflin Hill,Fu’an,China,,1
767,Beatrix,Nansom,bnansomla@de.vu,861-913-2967,3104 Merry Plaza,Ipameri,Brazil,75780-000,997
768,Estele,Getch,egetchlb@ftc.gov,601-455-8596,973 Nelson Place,Resende,Portugal,4660-215,160
769,Earlie,Leonida,eleonidalc@vistaprint.com,420-891-6718,2 Bartelt Alley,Naudero,Pakistan,77381,480
770,Babs,Verheyden,bverheydenld@weebly.com,709-144-7811,225 Kropf Alley,Xinqiaohe,China,,693
771,Melvin,Bettinson,mbettinsonle@economist.com,491-798-1067,7097 Clarendon Point,Tulsīpur,Nepal,,262
772,Kirbee,Thormwell,kthormwelllf@ustream.tv,264-970-2435,37 Prentice Hill,Shunling,China,,646
773,Granthem,Speare,gspearelg@wp.com,624-539-2863,2 Westend Drive,Omīdcheh,Iran,,275
774,Missie,Keitch,mkeitchlh@shutterfly.com,212-273-8951,680 Morrow Circle,Diamantino,Brazil,78400-000,116
775,Shirleen,Phizaclea,sphizacleali@diigo.com,427-429-4085,73201 Morningstar Pass,Priupskiy,Russia,102042,806
776,Chevy,Sam,csamlj@globo.com,768-179-0064,971 Hermina Way,Rafaela,Argentina,2300,593
777,Iver,Kelloway,ikellowaylk@stanford.edu,758-852-4584,08 Dovetail Pass,Kalimeneng,Indonesia,,697
778,Aksel,Linny,alinnyll@wikispaces.com,263-254-2023,4 Mayer Way,Zaplavnoye,Russia,404609,585
779,Michelina,Ambrosoli,mambrosolilm@cmu.edu,146-476-2003,16 Forest Run Alley,Vinha,Portugal,4615-131,659
780,Selena,Fullerd,sfullerdln@state.tx.us,861-300-2576,4762 Saint Paul Point,Mafinga,Tanzania,,304
781,Arty,Kingsley,akingsleylo@desdev.cn,444-359-4629,357 Steensland Street,Fonte de Angeão,Portugal,3840-165,403
782,Alejandrina,Troak,atroaklp@skype.com,213-460-0004,643 Darwin Point,Jatiwangi,Indonesia,,587
783,Cash,Schulke,cschulkelq@dailymail.co.uk,407-711-6737,8 Vernon Road,Hongguang,China,,570
784,Janeczka,Pinfold,jpinfoldlr@livejournal.com,734-981-6642,884 Graedel Avenue,Napuro,Philippines,6709,36
785,Billye,Lipman,blipmanls@google.de,972-859-0612,88795 Melby Pass,Dan Khun Thot,Thailand,30210,334
786,Katy,Lidgard,klidgardlt@hp.com,391-904-9687,011 Golden Leaf Junction,Chuqui Chuqui,Bolivia,,739
787,Sallyanne,Lewis,slewislu@narod.ru,530-648-8367,1 Summerview Alley,Sungaikakap,Indonesia,,338
788,Wilone,Matthiesen,wmatthiesenlv@hhs.gov,259-828-6011,16713 Superior Terrace,Pawonków,Poland,42-772,319
789,Clevey,Angrave,cangravelw@slideshare.net,390-570-8512,4088 Sutherland Trail,Cungking,Indonesia,,833
790,Sula,Milleton,smilletonlx@sbwire.com,969-825-8617,1288 Anthes Crossing,Hai Riêng,Vietnam,,592
791,Buiron,Lipyeat,blipyeatly@foxnews.com,796-283-3331,3271 Lotheville Parkway,Guishan,China,,291
792,Charyl,Jordeson,cjordesonlz@wiley.com,904-797-1825,53 Quincy Lane,Itabira,Brazil,35900-000,853
793,Adiana,Magenny,amagennym0@wikia.com,235-827-4382,3 Glendale Hill,Jindaoxia,China,,827
794,Katey,Berre,kberrem1@hatena.ne.jp,800-222-0421,08208 Ludington Road,Francisco I Madero,Mexico,87395,730
795,Delia,Swinnerton,dswinnertonm2@rediff.com,677-949-8714,2 Caliangt Alley,Al Mijlad,Sudan,,673
796,Ingaborg,McVee,imcveem3@flickr.com,646-585-9966,476 Schiller Plaza,Ciparakan,Indonesia,,207
797,Karim,MacWilliam,kmacwilliamm4@booking.com,972-196-3348,961 Anniversary Crossing,Bilhorod-Dnistrovs’kyy,Ukraine,,365
798,Taddeusz,Dei,tdeim5@unc.edu,135-329-0903,2 Dixon Street,Kaputian,Philippines,8120,93
799,Lilyan,Muff,lmuffm6@nifty.com,166-747-5045,1 Cottonwood Court,Jiangfeng,China,,594
800,Tersina,Vasey,tvaseym7@people.com.cn,869-467-5702,9 Coolidge Junction,Wailolong,Indonesia,,902
801,Corilla,Higbin,chigbinm8@cbsnews.com,247-638-0061,5212 Mosinee Plaza,Blois,France,41976 CEDEX 9,700
802,Mirella,Gianolini,mgianolinim9@auda.org.au,408-800-8506,077 Fordem Hill,Sri Jayewardenepura Kotte,Sri Lanka,10600,624
803,Joell,Timcke,jtimckema@rakuten.co.jp,499-176-4896,279 Anzinger Plaza,Chitré,Panama,,429
804,Edin,Armytage,earmytagemb@guardian.co.uk,793-895-2831,4 Sachtjen Crossing,Dedza,Malawi,,321
805,Blake,Huddlestone,bhuddlestonemc@wired.com,338-755-3940,6398 Dunning Alley,Gonzalo,Dominican Republic,11404,48
806,Reinhold,Barwood,rbarwoodmd@foxnews.com,757-934-8008,9693 Hanson Parkway,Passal,Portugal,4960-130,367
807,Rikki,Pembery,rpemberyme@imageshack.us,946-134-2544,1 Di Loreto Junction,Damai,China,,196
808,Francene,Yokley,fyokleymf@artisteer.com,952-636-6775,57 Jenna Trail,Sojo,Peru,,491
809,Joleen,Maudlin,jmaudlinmg@wix.com,992-115-3911,03 Lake View Drive,Cagbang,Philippines,5020,486
810,Ammamaria,Baldack,abaldackmh@discuz.net,674-635-5201,734 Hintze Pass,Nizhnekamsk,Russia,423579,120
811,Veronique,Preble,vpreblemi@archive.org,722-313-8066,61 Dennis Lane,Carman,Canada,A8A,133
812,Rowney,Heikkinen,rheikkinenmj@state.tx.us,325-120-8916,3 Portage Crossing,Plérin,France,22194 CEDEX,452
813,Colin,Grigoroni,cgrigoronimk@twitpic.com,474-197-3900,1729 Sycamore Circle,Messina,Italy,98135,954
814,Essy,Fuge,efugeml@umich.edu,218-958-4843,17 Summer Ridge Center,Pameungpeuk,Indonesia,,495
815,Traver,Bagshaw,tbagshawmm@sitemeter.com,753-830-4437,066 Emmet Way,Pirapora,Brazil,39270-000,441
816,Antonietta,Smithend,asmithendmn@newyorker.com,627-156-7482,50248 Prentice Alley,Cijayana,Indonesia,,536
817,Itch,Joint,ijointmo@privacy.gov.au,669-881-3622,42 Russell Hill,Uchaly,Russia,665133,923
818,Linzy,Kettlesing,lkettlesingmp@dagondesign.com,670-900-0042,668 Acker Street,Tari,Papua New Guinea,,758
819,Glendon,Rennenbach,grennenbachmq@marketwatch.com,977-401-3842,31 Crest Line Crossing,Cankova,Slovenia,9261,985
820,Stacee,Nardrup,snardrupmr@elegantthemes.com,705-310-2125,87588 Northport Way,Toila,Estonia,,45
821,Alfi,Andrichuk,aandrichukms@umn.edu,518-780-3852,357 Dwight Place,Baie-Saint-Paul,Canada,G3Z,317
822,Cristal,Coppock.,ccoppockmt@buzzfeed.com,167-967-9449,3 Hazelcrest Drive,Jichang,China,,179
823,Gabriello,Schoroder,gschorodermu@wikispaces.com,540-766-4077,9388 Loeprich Alley,Farsta,Sweden,123 47,564
824,Lucas,Brumhead,lbrumheadmv@indiatimes.com,606-223-4075,566 Orin Alley,Gonbad-e Kāvūs,Iran,,647
825,Kile,Lempenny,klempennymw@opera.com,833-642-8597,7030 Westend Trail,Brampton,United Kingdom,NR34,489
826,Anthony,Sergent,asergentmx@buzzfeed.com,940-390-1717,75 Melvin Plaza,Noyon,France,60406 CEDEX,518
827,Codi,Purcell,cpurcellmy@uiuc.edu,137-431-6746,80 Eagan Circle,Kurjan,Albania,,360
828,Cherie,Hobbema,chobbemamz@joomla.org,982-374-0711,91 Katie Crossing,Yi’an,China,,320
829,Wini,Smogur,wsmogurn0@wikispaces.com,615-468-2807,4689 Sundown Park,Lanxi,China,,730
830,Josepha,Atkirk,jatkirkn1@ox.ac.uk,177-627-2657,850 Ramsey Hill,Bhola,Bangladesh,3633,736
831,Sauncho,McVittie,smcvittien2@over-blog.com,468-810-9017,9 Pawling Street,Baguio,Philippines,2600,996
832,Roddie,Risom,rrisomn3@t-online.de,475-490-2139,58 Clove Alley,Ústí nad Labem,Czech Republic,403 40,55
833,Merrie,Wagon,mwagonn4@about.me,809-705-1376,29768 Del Mar Parkway,Francisco I Madero,Mexico,93995,635
834,Carmita,Naughton,cnaughtonn5@ow.ly,701-558-3245,98624 John Wall Avenue,Matsuyama,Japan,999-3146,565
835,Mallorie,Wakeley,mwakeleyn6@google.fr,710-180-9681,73 Anderson Road,Město Libavá,Czech Republic,783 06,365
836,Maryl,Danielski,mdanielskin7@privacy.gov.au,995-974-1391,86778 Harbort Circle,Planaltina,Brazil,73750-000,531
837,Britte,Warrington,bwarringtonn8@constantcontact.com,112-834-5028,76430 Green Court,Gaopai,China,,845
838,Frederico,McGeraghty,fmcgeraghtyn9@google.pl,372-759-5648,4 Pierstorff Street,Zhengyangshan,China,,76
839,Ema,Anker,eankerna@usatoday.com,805-309-7366,61 Colorado Hill,Ballyhaunis,Ireland,F35,236
840,Jerrie,Dietsche,jdietschenb@mapy.cz,471-986-7068,09387 Morning Drive,Fantino,Dominican Republic,11511,939
841,Agnola,Truluck,atrulucknc@purevolume.com,810-671-2914,1 Hazelcrest Way,La Julia,Dominican Republic,10109,339
842,Had,Albers,halbersnd@psu.edu,594-921-3984,2073 Judy Alley,Dizhai,China,,635
843,Myriam,Pessolt,mpessoltne@mediafire.com,432-447-2949,513 Portage Point,Lusambo,Democratic Republic of the Congo,,989
844,Brice,Vickerstaff,bvickerstaffnf@virginia.edu,516-182-3523,900 Scofield Hill,Caleta Olivia,Argentina,9011,321
845,Smith,de Guise,sdeguiseng@ucla.edu,640-900-6202,6 Nova Trail,Kendung Timur,Indonesia,,536
846,Tulley,Greenland,tgreenlandnh@themeforest.net,684-266-1277,34 Amoth Parkway,Surcubamba,Peru,,747
847,Elisha,Mehew,emehewni@163.com,824-439-0602,31083 Golf View Pass,Quime,Bolivia,,181
848,Clarey,Muffen,cmuffennj@bloglovin.com,657-947-1901,511 Mcguire Circle,Ertai,China,,157
849,Shaylynn,Zecchinelli,szecchinellink@cnet.com,490-811-8472,9 Petterle Plaza,Butembo,Democratic Republic of the Congo,,299
850,Constantina,Padwick,cpadwicknl@ebay.co.uk,257-688-2588,32 Chinook Center,Carauari,Brazil,69500-000,302
851,Camel,Pentin,cpentinnm@state.tx.us,876-236-5960,07211 Talmadge Trail,Gaofeng,China,,233
852,Rosabella,Southern,rsouthernnn@nifty.com,404-954-2865,17356 Stephen Point,Rostock,Germany,18147,460
853,Anna-diana,Treacy,atreacyno@nyu.edu,293-184-9211,0534 Crest Line Plaza,Strasbourg,France,67029 CEDEX 1,355
854,Olympe,McAne,omcanenp@weather.com,394-510-9846,0239 South Park,Bellavista,Mexico,37360,582
855,Mohandis,Mew,mmewnq@sciencedirect.com,222-804-1436,7 Larry Crossing,Banho e Carvalhosa,Portugal,4635-005,938
856,Corena,Schust,cschustnr@msn.com,840-983-3416,09 Fremont Street,Yonghe,China,,479
857,Hilary,Gasperi,hgasperins@alibaba.com,469-967-0232,83 Golf Way,Mogoditshane,Botswana,,658
858,Suzanna,Woodfine,swoodfinent@macromedia.com,139-750-9892,69408 Arizona Hill,Labuhansumbawa,Indonesia,,949
859,Galen,Tuerena,gtuerenanu@bravesites.com,704-888-5795,958 Fair Oaks Road,Mount Darwin,Zimbabwe,,948
860,Mufinella,Worsalls,mworsallsnv@wix.com,595-424-4942,1 Upham Terrace,Belyy Gorodok,Russia,172711,309
861,Daven,Mixon,dmixonnw@cdc.gov,819-127-6344,01138 Eagle Crest Park,Nîmes,France,30910 CEDEX 2,910
862,Florette,Westell,fwestellnx@springer.com,120-122-7065,323 Forest Dale Avenue,Qinglin,China,,19
863,Marlyn,Rosnau,mrosnauny@spotify.com,137-809-6489,958 Transport Parkway,Limatambo,Peru,,354
864,Guenevere,Stollwerck,gstollwercknz@com.com,676-836-2487,8956 Lawn Point,Kauswagan,Philippines,9202,977
865,Laney,Wooderson,lwoodersono0@theatlantic.com,752-883-6723,256 Tennessee Point,Sevan,Armenia,,29
866,Patricia,Stigger,pstiggero1@goodreads.com,102-471-4640,4 Shasta Way,Labog,Philippines,3902,325
867,Reggie,Woodburn,rwoodburno2@weibo.com,522-797-7866,06 Eastlawn Drive,Brest,France,29213 CEDEX 1,55
868,Benji,Aris,bariso3@dailymail.co.uk,881-279-8042,2290 Nobel Alley,Moca,Dominican Republic,11803,156
869,Maury,Mockford,mmockfordo4@ustream.tv,627-338-0778,379 Banding Street,Jinjiang,China,,131
870,Farlee,Pilcher,fpilchero5@stumbleupon.com,812-330-4014,6850 Saint Paul Junction,Garunggang,Indonesia,,319
871,Dorice,Clemence,dclemenceo6@ow.ly,542-981-3864,89121 Southridge Terrace,Kuje,Nigeria,,487
872,Monro,Baitman,mbaitmano7@opera.com,850-394-4879,4634 Butternut Park,Tallahassee,United States,32314,685
873,Milly,Laterza,mlaterzao8@naver.com,843-697-0446,574 Ridgeway Road,Taiobeiras,Brazil,39550-000,906
874,Matt,Eatherton,meathertono9@ovh.net,433-405-2420,47 Mifflin Court,Zhenjiang,China,,332
875,Myrilla,Vidgen,mvidgenoa@vimeo.com,908-238-5026,8131 Lerdahl Center,Gangkou,China,,347
876,Willie,Domeny,wdomenyob@aol.com,688-265-3079,71094 Upham Lane,Famaillá,Argentina,4132,751
877,Idette,Dominy,idominyoc@ifeng.com,681-527-7715,662 Grover Road,Waajid,Somalia,,15
878,Ann-marie,Jilkes,ajilkesod@goodreads.com,877-342-0099,061 Rusk Park,Carvalhal da Aroeira,Portugal,2350-697,504
879,Boris,Cuffin,bcuffinoe@51.la,511-671-0371,10 Briar Crest Pass,Dongjiao,China,,794
880,Merrill,Gillanders,mgillandersof@mlb.com,170-457-0721,2 Blackbird Terrace,Bileća,Bosnia and Herzegovina,,532
881,Andriette,Maylin,amaylinog@acquirethisname.com,150-122-5790,642 Farwell Point,Cangzhou,China,,692
882,Iris,Gritsaev,igritsaevoh@dailymotion.com,998-488-3927,490 Hanson Pass,Aksu,Kazakhstan,,242
883,Maegan,Matuszewski,mmatuszewskioi@abc.net.au,924-541-3204,76134 Reindahl Pass,Qutun,China,,651
884,Elvyn,Cattrell,ecattrelloj@github.io,793-709-1033,63 Menomonie Crossing,Huanshan,China,,174
885,Nels,Ellerby,nellerbyok@geocities.com,515-573-2429,9 Algoma Junction,Penghu,China,,170
886,Clint,Arden,cardenol@gravatar.com,214-210-1223,0792 Jenna Alley,Kovylkino,Russia,431355,775
887,Griffith,Jaskiewicz,gjaskiewiczom@sourceforge.net,175-123-1690,287 Arrowood Junction,Nueva Manoa,Bolivia,,960
888,Rozina,Muirhead,rmuirheadon@plala.or.jp,165-740-4888,52693 Stoughton Trail,Kushnytsya,Ukraine,,984
889,Genovera,Kieff,gkieffoo@kickstarter.com,669-126-9323,45 Westport Park,Hrodna,Belarus,,595
890,Vergil,Tuite,vtuiteop@comsenz.com,859-704-1253,90384 Shopko Pass,Quşrah,Palestinian Territory,,558
891,Alair,Vaissiere,avaissiereoq@wikispaces.com,696-999-6699,4943 2nd Parkway,Cerrillos,Argentina,4653,249
892,Maxine,Robyns,mrobynsor@tumblr.com,214-331-4821,1192 East Way,Mustvee,Estonia,,890
893,Zacharie,Maryska,zmaryskaos@odnoklassniki.ru,451-793-9564,27803 Sugar Avenue,Oleszyce,Poland,37-630,398
894,Dixie,Ham,dhamot@rambler.ru,206-885-7886,774 David Parkway,Nangaroro,Indonesia,,118
895,Hi,Excell,hexcellou@cornell.edu,972-160-8688,94 Prentice Pass,Seabra,Brazil,46900-000,868
896,Bernardina,Chrishop,bchrishopov@ycombinator.com,560-753-7525,032 Pepper Wood Place,Hongqiao,China,,564
897,Hayes,Larby,hlarbyow@sitemeter.com,612-532-6754,41 Farmco Street,Chancay,Peru,,104
898,Fina,Dedden,fdeddenox@cornell.edu,260-803-3727,8 Jackson Avenue,Dasanlian Lauk,Indonesia,,465
899,Estrella,Masey,emaseyoy@baidu.com,997-190-8723,6 Rusk Avenue,Wysoka,Poland,89-320,254
900,Krispin,Quinnelly,kquinnellyoz@rakuten.co.jp,405-146-5706,5 Novick Trail,Curanilahue,Chile,,999
901,Van,Tysall,vtysallp0@telegraph.co.uk,493-742-3025,696 Arkansas Court,Bílovec,Czech Republic,743 01,177
902,Avictor,Fancet,afancetp1@amazonaws.com,728-922-8255,001 Roth Junction,Sungairaya,Indonesia,,435
903,Hall,Titmus,htitmusp2@tripadvisor.com,675-900-8301,540 Calypso Alley,Rožďalovice,Czech Republic,289 34,301
904,Madella,Bahlmann,mbahlmannp3@deviantart.com,446-144-0985,54 Sundown Drive,Piedra del Águila,Argentina,4624,303
905,Alix,Anselmi,aanselmip4@people.com.cn,512-533-0303,80 Melby Hill,Lidingö,Sweden,181 72,244
906,Lorilyn,Norcliffe,lnorcliffep5@usda.gov,350-962-5120,1834 Arizona Court,Neni,Nigeria,,846
907,Hazel,Venny,hvennyp6@webmd.com,469-541-9281,9 Roxbury Alley,Yeshan,China,,272
908,Nerty,Hawtry,nhawtryp7@yolasite.com,336-887-0968,39 Doe Crossing Parkway,Gabi,Philippines,2621,49
909,Yasmin,Pele,ypelep8@comcast.net,807-671-2003,14208 Schmedeman Drive,Pontevedra,Argentina,1761,25
910,Fulton,McIlmurray,fmcilmurrayp9@mit.edu,698-716-3921,47 Green Court,Floresta,Brazil,56400-000,436
911,Cele,Dixon,cdixonpa@yale.edu,109-718-7435,832 Kings Parkway,Huinca Renancó,Argentina,6270,564
912,Latashia,Pretley,lpretleypb@samsung.com,110-544-6651,4 Nelson Junction,Loukísia,Greece,,206
913,Carmelia,Parysowna,cparysownapc@google.cn,212-859-4329,363 Pawling Center,Североморск-3,Russia,184606,914
914,Laird,Odeson,lodesonpd@umn.edu,973-402-0586,7 Dryden Pass,Novaya Mayna,Russia,433568,724
915,Mona,Greenhalgh,mgreenhalghpe@pcworld.com,283-302-7208,903 Brown Avenue,Junkou,China,,302
916,Chalmers,Kobus,ckobuspf@admin.ch,478-624-4609,9037 3rd Place,Leomil,Portugal,3620-165,257
917,Emerson,Ludl,eludlpg@virginia.edu,992-341-6610,82913 Welch Point,Berlin,Germany,13409,439
918,Stanislaus,Hadwin,shadwinph@cbsnews.com,515-730-2591,00662 Fisk Lane,Des Moines,United States,50362,372
919,Karyn,Jacquemard,kjacquemardpi@jiathis.com,586-530-7405,6920 6th Hill,Akebielidou,China,,628
920,Vernen,Burnapp,vburnapppj@wunderground.com,819-758-3335,616 Debs Street,Mirzāpur,Bangladesh,1945,958
921,Winnie,Gowdridge,wgowdridgepk@t-online.de,958-637-5141,20 Rutledge Street,Rio Largo,Brazil,57100-000,543
922,Yolane,Merrigans,ymerriganspl@deviantart.com,180-783-5149,88197 Dakota Trail,Pasauran,Indonesia,,640
923,Moll,Larcher,mlarcherpm@twitter.com,411-642-5304,287 Pawling Parkway,Jintang,China,,204
924,Aguistin,Norcott,anorcottpn@answers.com,627-760-7284,6857 Clove Way,Reda,Poland,84-240,234
925,Lola,Scrauniage,lscrauniagepo@arstechnica.com,176-102-8382,0979 Red Cloud Court,Pruchnik,Poland,37-560,192
926,Penny,Stock,pstockpp@ibm.com,271-719-6328,440 Sycamore Park,Wyszki,Poland,17-132,55
927,Guenna,Crunkhurn,gcrunkhurnpq@naver.com,841-848-5900,5 Gerald Center,Villa General Belgrano,Argentina,5195,294
928,Modesta,McClure,mmcclurepr@seesaa.net,796-433-6136,66597 Michigan Pass,Mochudi,Botswana,,723
929,Corena,Gibbings,cgibbingsps@imageshack.us,530-431-6444,70 Redwing Plaza,Cintawana,Indonesia,,354
930,Chadwick,Wintour,cwintourpt@domainmarket.com,646-226-3946,82 Express Alley,Rancakuya,Indonesia,,606
931,Dale,Wenderoth,dwenderothpu@tuttocitta.it,280-858-3425,74 Fieldstone Terrace,Tunggar,China,,624
932,Prescott,Gutridge,pgutridgepv@csmonitor.com,342-985-9626,25836 Namekagon Lane,Urrao,Colombia,056838,508
933,Arlan,Addyman,aaddymanpw@nymag.com,362-766-4718,49636 Northridge Center,Aryiropoúlion,Greece,,764
934,Jorey,Alltimes,jalltimespx@usnews.com,873-373-6256,0 Service Circle,Praimarada,Indonesia,,27
935,Ileane,Dibling,idiblingpy@jalbum.net,634-706-1754,9199 Green Plaza,Tamorong,Philippines,2706,622
936,Seymour,Minmagh,sminmaghpz@eepurl.com,556-266-0637,77776 Paget Street,Riofrío,Colombia,761028,99
937,Baxter,Larraway,blarrawayq0@nationalgeographic.com,137-581-1574,9003 Everett Avenue,Inderka,Russia,442585,532
938,Lesli,Paynes,lpaynesq1@google.fr,905-861-0236,7 Fordem Hill,Taraš,Serbia,,154
939,Karyl,Janton,kjantonq2@wikispaces.com,369-630-2408,9 Novick Place,Duyang,China,,905
940,Kaycee,Gimblett,kgimblettq3@dion.ne.jp,205-578-6474,59 Anzinger Trail,Chon Buri,Thailand,24120,639
941,Chris,Herreran,cherreranq4@g.co,495-695-1933,17 Carpenter Alley,Malax,Finland,44950,965
942,Lari,Marns,lmarnsq5@ycombinator.com,599-479-5112,07014 Michigan Court,Świnice Warckie,Poland,99-140,270
943,Hedy,Godman,hgodmanq6@github.com,140-588-4304,878 Cardinal Center,Santaluz,Brazil,48880-000,635
944,Agnes,Chasmoor,achasmoorq7@youku.com,122-979-5307,7947 Superior Terrace,Gävle,Sweden,806 36,94
945,Carole,Kenen,ckenenq8@devhub.com,570-634-2079,8486 Transport Place,Sollefteå,Sweden,881 30,485
946,Natalee,Mulrenan,nmulrenanq9@mozilla.org,393-553-3067,57 Eliot Place,Buenlag,Philippines,2424,999
947,Rawley,Paternoster,rpaternosterqa@skyrock.com,667-527-7358,2759 Oxford Lane,20 de Noviembre,Mexico,93828,755
948,Marigold,Birdis,mbirdisqb@huffingtonpost.com,852-628-2326,27 Warner Hill,Canto,Portugal,3840-065,834
949,Olav,Rioch,oriochqc@odnoklassniki.ru,727-144-7838,4177 Amoth Trail,L’vovskiy,Russia,142390,463
950,Jolyn,Russam,jrussamqd@last.fm,874-170-7635,45 Gulseth Crossing,Srinjine,Croatia,21292,432
951,Ely,Hosburn,ehosburnqe@uol.com.br,317-142-3172,24234 Manley Court,Indianapolis,United States,46202,538
952,Penny,Pykett,ppykettqf@samsung.com,559-817-5841,8 Victoria Terrace,Tver,Russia,182647,751
953,Sampson,Dover,sdoverqg@blinklist.com,163-750-6015,043 Mayer Crossing,Bururi,Burundi,,420
954,Dunstan,Seaking,dseakingqh@pcworld.com,151-686-0622,85 Marcy Court,Gelan,China,,359
955,Chelsea,Trenchard,ctrenchardqi@t.co,912-993-5661,18246 Scoville Street,Voiron,France,38509 CEDEX,540
956,Salvatore,Keirl,skeirlqj@biblegateway.com,759-488-5977,02 Shasta Center,Maiyema,Nigeria,,65
957,Demetri,Ferran,dferranqk@csmonitor.com,857-782-3967,00 Debra Street,Nārang,Pakistan,39051,230
958,Giustina,Mahaddie,gmahaddieql@psu.edu,277-795-0460,51202 Rutledge Drive,Kinnula,Finland,43901,25
959,Sissie,Cancellor,scancellorqm@netvibes.com,873-263-1534,97 Drewry Plaza,Fuyang,China,,400
960,Camey,Giacomucci,cgiacomucciqn@abc.net.au,622-258-1244,015 Sycamore Trail,Calizo,Philippines,5610,193
961,Talbot,Callow,tcallowqo@cargocollective.com,666-276-1718,63325 Schiller Street,Cachimayo,Peru,,422
962,Donnie,De Lorenzo,ddelorenzoqp@ovh.net,121-219-4104,03908 Stone Corner Place,L'Île-Perrot,Canada,H9X,880
963,Andi,Whiskin,awhiskinqq@ebay.co.uk,939-494-9469,0968 Cherokee Point,Macapá,Brazil,68900-000,963
964,Jerrilyn,Hyde-Chambers,jhydechambersqr@weibo.com,200-738-3021,08809 Eagan Way,Cegłów,Poland,05-319,806
965,Delphine,Lumm,dlummqs@bravesites.com,529-268-1388,412 Merchant Lane,Quebrada de Arena,Honduras,,857
966,Corliss,Fredson,cfredsonqt@reuters.com,178-152-4360,88 Melrose Crossing,Duowa,China,,917
967,Allyn,Van Der Weedenburg,avanderweedenburgqu@google.de,593-883-5775,94568 New Castle Point,Gardanne,France,13548 CEDEX,97
968,Muire,Catchpole,mcatchpoleqv@list-manage.com,881-551-5813,91 Buena Vista Circle,Al Ḩarf,Yemen,,454
969,Johnathan,Cronin,jcroninqw@dyndns.org,903-719-8746,1 Canary Crossing,Tyler,United States,75799,228
970,Helge,Lyttle,hlyttleqx@freewebs.com,605-744-5967,36249 Menomonie Center,Kvitok,Russia,665081,630
971,Shelly,Morrid,smorridqy@homestead.com,553-218-8585,1462 Becker Alley,Pocora,Costa Rica,70603,763
972,Fawn,Stainsby,fstainsbyqz@zdnet.com,961-222-7965,58 Shelley Street,Santa Catalina - Dique Lujan,Argentina,1623,960
973,Jacquenette,Szach,jszachr0@ibm.com,737-142-9291,6 Clemons Street,Lyon,France,69212 CEDEX 03,537
974,Sharon,Hazeldine,shazeldiner1@skyrock.com,862-675-3662,2084 Dayton Lane,Sanom,Thailand,91130,481
975,Rex,Brookfield,rbrookfieldr2@yelp.com,812-283-4517,697 Marcy Hill,Yunlu,China,,548
976,Minerva,Parnham,mparnhamr3@tiny.cc,635-830-7429,339 Center Alley,Győr,Hungary,9024,647
977,Charlot,Sawood,csawoodr4@paypal.com,431-604-0784,3398 Briar Crest Center,Cholpon-Ata,Kyrgyzstan,,174
978,Ina,Hauxley,ihauxleyr5@apache.org,814-385-8436,032 Mitchell Plaza,Balut,Philippines,8420,128
979,Shelton,Pallent,spallentr6@hubpages.com,477-114-3226,87920 Oriole Place,Kurgan,Russia,640961,523
980,Kessiah,Jencey,kjenceyr7@comcast.net,625-482-7247,8627 Holmberg Road,Nusajaya,Malaysia,79575,419
981,Florella,Trasler,ftraslerr8@earthlink.net,299-612-2008,79 Petterle Hill,Sisŏphŏn,Cambodia,,505
982,Toddy,Ventura,tventurar9@trellian.com,247-367-5597,4 Glendale Point,Aş Şanamayn,Syria,,507
983,Byrann,Pietruszka,bpietruszkara@skype.com,116-798-5403,5 Butterfield Junction,Poigar,Indonesia,,44
984,Karen,Payfoot,kpayfootrb@archive.org,325-672-1955,75 Sundown Parkway,Naukšēni,Latvia,,657
985,Jonis,Boagey,jboageyrc@biblegateway.com,146-707-0847,7386 School Parkway,Nasīrābād,Pakistan,77020,28
986,Douglas,Young,dyoungrd@java.com,581-433-9240,60413 Quincy Plaza,Frampol,Poland,23-440,970
987,Marcelle,Coy,mcoyre@linkedin.com,685-322-4132,4 Packers Road,Terong,Indonesia,,766
988,Krispin,Scholar,kscholarrf@dion.ne.jp,410-840-3901,87 John Wall Road,Anjō,Japan,473-0938,915
989,Frazier,Ivanichev,fivanichevrg@edublogs.org,796-251-1580,7406 1st Avenue,Kirovs’k,Ukraine,,964
990,Jobye,Hastin,jhastinrh@kickstarter.com,512-834-5597,7 Fisk Parkway,Spiczyn,Poland,21-077,409
991,Happy,Jowling,hjowlingri@nsw.gov.au,762-634-7021,46640 Magdeline Parkway,Piracuruca,Brazil,64240-000,260
992,Judas,Trime,jtrimerj@51.la,425-970-0490,684 Ilene Alley,Seattle,United States,98104,899
993,Berkeley,Daughtry,bdaughtryrk@disqus.com,524-983-1457,3418 Utah Alley,Klek,Serbia,,553
994,Guglielmo,Czadla,gczadlarl@statcounter.com,736-188-8548,2501 Londonderry Hill,Hualongyan,China,,309
995,Whitaker,Greir,wgreirrm@weebly.com,334-493-4025,6614 Quincy Lane,Xiangying,China,,422
996,Stevie,Eyrl,seyrlrn@nsw.gov.au,928-427-2584,4398 Judy Lane,Bromma,Sweden,167 66,368
997,Darrick,Rallin,drallinro@princeton.edu,975-590-7125,1571 Prairie Rose Crossing,Nangerang,Indonesia,,196
998,Audrey,McIlrath,amcilrathrp@telegraph.co.uk,629-171-2438,894 Mcguire Avenue,San Francisco,Philippines,8501,215
999,Gwynne,Guerreru,gguerrerurq@nba.com,513-245-9441,845 Rowland Center,Créteil,France,94024 CEDEX,531
1000,Ibrahim,Brithman,ibrithmanrr@fastcompany.com,427-796-3228,0028 Moland Pass,Moorreesburg,South Africa,7312,132
