id,first_name,last_name,email,gender,ip_address
1,Elton,Heeney,eheeney0@va.gov,Male,224.50.165.241
2,Pippy,Midner,pmidner1@csmonitor.com,Female,9.9.8.134
3,Bessy,Braunston,bbraunston2@cmu.edu,Female,205.11.242.53
4,Mariel,Buxy,mbuxy3@adobe.com,Female,143.222.105.197
5,Peterus,Anstey,panstey4@miitbeian.gov.cn,Male,196.110.29.69
6,Hartley,Paolozzi,hpaolozzi5@un.org,Male,5.82.247.76
7,Karlotta,Sommerland,ksommerland6@ucsd.edu,Female,101.185.23.128
8,Urbain,felip,ufelip7@businessweek.com,Male,247.70.28.167
9,Ania,Shipsey,ashipsey8@sciencedaily.com,Female,113.110.191.46
10,Jessie,Hark,jhark9@amazonaws.com,Female,56.117.70.17
11,Skye,Storrar,sstorrara@xinhuanet.com,Male,160.250.81.62
12,Ardelle,Grise,agriseb@comcast.net,Female,138.91.59.200
13,Bo,Flawn,bflawnc@state.gov,Male,3.26.248.178
14,Tallou,Ordidge,tordidged@disqus.com,Female,18.120.218.151
15,Artemus,Stuckley,astuckleye@booking.com,Male,164.12.223.134
16,Diena,Damper,ddamperf@howstuffworks.com,Female,212.165.153.136
17,Maddie,Alessandrelli,malessandrellig@ucsd.edu,Male,161.179.235.18
18,Marijo,Lowings,mlowingsh@cbslocal.com,Female,86.189.13.82
19,Betsey,Conquest,bconquesti@walmart.com,Female,183.215.212.18
20,Tobiah,Vasyukhichev,tvasyukhichevj@ask.com,Male,83.254.137.81
21,Olivie,Emlin,oemlink@cmu.edu,Female,247.227.148.251
22,Raff,Berzon,rberzonl@ft.com,Male,63.17.35.114
23,Teressa,Arpe,tarpem@cargocollective.com,Female,138.54.209.147
24,Ailis,Inchcomb,ainchcombn@google.com,Female,40.115.80.26
25,Renaldo,Enga,rengao@yellowpages.com,Male,70.174.101.172
26,Moira,Dewan,mdewanp@youtu.be,Female,154.213.189.228
27,Odele,Haberfield,ohaberfieldq@shinystat.com,Female,226.84.35.9
28,Basia,Camidge,bcamidger@artisteer.com,Female,218.69.51.233
29,Anetta,Fiveash,afiveashs@addtoany.com,Female,232.29.201.149
30,Latrena,Ericssen,lericssent@opera.com,Female,216.42.86.151
31,Rosalia,Thayre,rthayreu@devhub.com,Female,127.7.48.10
32,Gibby,Manhood,gmanhoodv@weebly.com,Male,21.24.51.19
33,Karlotte,Kullmann,kkullmannw@comsenz.com,Female,199.156.194.166
34,Eldon,Bunnell,ebunnellx@phoca.cz,Agender,137.136.114.24
35,Ibrahim,Greson,igresony@admin.ch,Male,166.232.165.145
36,Chase,Lamartine,clamartinez@barnesandnoble.com,Male,33.98.174.42
37,Jon,Tidcomb,jtidcomb10@deviantart.com,Male,131.99.148.55
38,Anett,Blune,ablune11@posterous.com,Female,247.79.189.234
39,Westleigh,Waiton,wwaiton12@4shared.com,Male,211.56.38.79
40,Clementia,Sjollema,csjollema13@nyu.edu,Female,213.97.74.57
41,Chrystal,Radnage,cradnage14@youku.com,Female,107.145.200.254
42,Wallache,Halford,whalford15@taobao.com,Male,176.28.57.166
43,Birgit,Skittle,bskittle16@washington.edu,Female,171.40.184.180
44,Ethelind,Kenny,ekenny17@infoseek.co.jp,Female,41.212.66.186
45,Markus,Thickins,mthickins18@prnewswire.com,Male,228.36.160.44
46,Jordain,Pinckney,jpinckney19@microsoft.com,Female,237.171.127.81
47,Bobbe,London,blondon1a@loc.gov,Female,211.13.171.191
48,Bridgette,Diehn,bdiehn1b@blogspot.com,Female,85.117.97.71
49,Kahlil,Comber,kcomber1c@amazonaws.com,Male,63.89.69.193
50,Bartholemy,Boxhill,bboxhill1d@nydailynews.com,Male,225.34.246.94
51,Bette-ann,Guitel,bguitel1e@ask.com,Female,64.143.242.21
52,Ulric,Waldrum,uwaldrum1f@examiner.com,Male,195.34.128.159
53,Elihu,Brechin,ebrechin1g@ameblo.jp,Male,219.143.18.73
54,Ulrike,Thomlinson,uthomlinson1h@spiegel.de,Female,62.70.26.216
55,Gregorio,Wildor,gwildor1i@ted.com,Male,183.244.155.42
56,Sigismundo,Phelit,sphelit1j@about.com,Agender,127.94.18.190
57,Elise,Caulcott,ecaulcott1k@g.co,Female,30.171.4.68
58,Hussein,Ricards,hricards1l@merriam-webster.com,Male,25.117.253.116
59,Gennie,Blackall,gblackall1m@issuu.com,Female,190.65.195.190
60,Cart,Mabbe,cmabbe1n@hibu.com,Male,221.52.223.74
61,Winny,Eberts,weberts1o@rediff.com,Female,160.63.66.251
62,Langsdon,Rawstorn,lrawstorn1p@google.co.jp,Male,231.97.22.157
63,Norine,Setch,nsetch1q@sogou.com,Female,39.113.217.69
64,Anna-diane,Rothert,arothert1r@shop-pro.jp,Female,32.191.78.115
65,Sheila-kathryn,Rourke,srourke1s@about.com,Female,83.209.114.139
66,Kerr,Hugk,khugk1t@merriam-webster.com,Male,152.127.124.142
67,Frants,Dodsley,fdodsley1u@economist.com,Male,61.205.182.246
68,Rowney,Gresswood,rgresswood1v@yahoo.co.jp,Male,24.207.127.11
69,Robers,Prisk,rprisk1w@e-recht24.de,Male,188.142.29.186
70,Mano,MacGiffin,mmacgiffin1x@zdnet.com,Male,152.207.67.197
71,Krystyna,Haggarth,khaggarth1y@diigo.com,Genderqueer,184.246.185.161
72,Land,McVittie,lmcvittie1z@comcast.net,Genderfluid,44.74.2.22
73,Cory,Dobey,cdobey20@deliciousdays.com,Female,89.81.32.162
74,Tynan,Froschauer,tfroschauer21@scientificamerican.com,Male,96.230.245.213
75,Alexia,Majury,amajury22@who.int,Female,107.67.47.93
76,Rosalynd,Krysztofiak,rkrysztofiak23@techcrunch.com,Female,35.80.53.159
77,Rand,Storton,rstorton24@ow.ly,Male,255.106.51.2
78,Codie,MacNeil,cmacneil25@businessweek.com,Male,135.196.94.96
79,Rhea,Sauter,rsauter26@apple.com,Female,232.189.108.96
80,Lorrie,Santon,lsanton27@addthis.com,Female,192.116.24.93
81,Paddy,Hempel,phempel28@amazon.de,Male,92.16.206.109
82,Dana,Foro,dforo29@ow.ly,Male,241.139.209.6
83,Otis,Creamen,ocreamen2a@webeden.co.uk,Male,169.20.129.122
84,Price,Geare,pgeare2b@wordpress.com,Male,235.39.139.84
85,Nissie,Mulholland,nmulholland2c@vistaprint.com,Female,238.157.115.33
86,Chloris,Suttill,csuttill2d@plala.or.jp,Female,103.55.150.6
87,Sylvan,Pierse,spierse2e@discuz.net,Male,51.140.134.77
88,Cathrine,Iddon,ciddon2f@nsw.gov.au,Non-binary,222.178.212.154
89,Katerina,Laroux,klaroux2g@creativecommons.org,Female,171.28.91.81
90,Siward,Celand,sceland2h@macromedia.com,Male,105.253.124.125
91,Huberto,Brook,hbrook2i@free.fr,Male,253.250.103.236
92,Trenton,Laviss,tlaviss2j@uiuc.edu,Male,102.241.52.209
93,Juline,Thomsen,jthomsen2k@symantec.com,Female,154.54.87.187
94,Grantley,Kliche,gkliche2l@nature.com,Male,103.196.243.94
95,Kelsy,Point,kpoint2m@microsoft.com,Female,81.210.122.73
96,Ardys,Ayshford,aayshford2n@ucoz.com,Female,94.159.88.68
97,Kerrill,McAllen,kmcallen2o@wix.com,Female,67.29.199.35
98,Ambros,Hayball,ahayball2p@flickr.com,Male,237.118.243.123
99,Franciskus,Klampt,fklampt2q@geocities.jp,Male,246.210.211.86
100,Alfie,Neubigging,aneubigging2r@symantec.com,Male,177.96.187.139
101,Balduin,Morigan,bmorigan2s@google.de,Male,109.69.208.121
102,Norby,Fairham,nfairham2t@seattletimes.com,Male,177.175.117.121
103,Engelbert,Kennedy,ekennedy2u@illinois.edu,Male,234.8.223.53
104,Franny,Tamas,ftamas2v@scribd.com,Female,11.165.30.195
105,Zerk,O'Caherny,zocaherny2w@dedecms.com,Male,243.172.178.67
106,Lavena,Georgeau,lgeorgeau2x@dell.com,Female,165.92.214.250
107,Jamey,Eyre,jeyre2y@angelfire.com,Male,80.249.28.97
108,Garreth,Hegley,ghegley2z@tmall.com,Male,35.249.210.229
109,Niko,Camous,ncamous30@simplemachines.org,Male,249.18.238.61
110,Fawnia,Izaac,fizaac31@4shared.com,Female,186.85.75.69
111,Sileas,Marcinkus,smarcinkus32@spiegel.de,Female,27.183.141.5
112,Savina,Fibbens,sfibbens33@smh.com.au,Female,120.216.115.188
113,Nicola,Glide,nglide34@aol.com,Female,250.149.2.250
114,Karisa,Mainwaring,kmainwaring35@bravesites.com,Non-binary,38.50.122.240
115,Ingamar,Pilkington,ipilkington36@ucla.edu,Bigender,167.177.42.197
116,Cher,Pues,cpues37@dyndns.org,Female,53.42.132.115
117,Gusty,Metheringham,gmetheringham38@infoseek.co.jp,Female,150.81.243.210
118,Dud,Gini,dgini39@amazon.co.jp,Male,188.228.201.68
119,Llywellyn,Hugett,lhugett3a@adobe.com,Male,137.146.224.183
120,Delphine,Boxell,dboxell3b@youtube.com,Female,58.123.239.89
121,Yvor,Guillerman,yguillerman3c@apache.org,Male,21.100.22.227
122,Edd,Lafflin,elafflin3d@wired.com,Male,43.247.44.115
123,Rosanne,Brandreth,rbrandreth3e@webnode.com,Female,206.196.83.149
124,Doralynn,Rodder,drodder3f@ucla.edu,Female,110.54.221.222
125,Susette,Toby,stoby3g@sina.com.cn,Genderfluid,179.45.177.161
126,Nana,Dufty,ndufty3h@washington.edu,Female,122.46.151.34
127,Nikolaus,Verdon,nverdon3i@list-manage.com,Genderfluid,21.134.214.0
128,Rebbecca,Wanley,rwanley3j@paypal.com,Female,51.30.196.146
129,Gard,Schulke,gschulke3k@admin.ch,Male,158.81.18.83
130,Luise,Satford,lsatford3l@ted.com,Female,226.202.163.197
131,Kris,Snaddon,ksnaddon3m@washingtonpost.com,Female,16.0.18.253
132,Kip,Mitton,kmitton3n@bloomberg.com,Male,113.208.10.38
133,Weidar,Jirek,wjirek3o@elpais.com,Agender,138.219.87.129
134,Colet,MacIver,cmaciver3p@mozilla.com,Male,197.118.80.138
135,Gabby,Pieche,gpieche3q@privacy.gov.au,Male,203.10.47.240
136,Pearl,Tanswell,ptanswell3r@unicef.org,Female,89.30.104.25
137,Paulo,Daniely,pdaniely3s@mediafire.com,Male,79.52.217.126
138,Donny,Wellum,dwellum3t@virginia.edu,Female,65.28.71.164
139,Brunhilde,Ebbotts,bebbotts3u@instagram.com,Female,102.10.245.189
140,Gilles,Nixon,gnixon3v@clickbank.net,Male,199.94.52.122
141,Marlowe,Quelch,mquelch3w@dedecms.com,Male,186.12.223.143
142,Arlen,Pomeroy,apomeroy3x@salon.com,Female,41.227.0.183
143,Jeffy,Houseago,jhouseago3y@google.com.au,Male,130.56.109.238
144,Jakob,Luckin,jluckin3z@fda.gov,Male,42.1.84.194
145,Morrie,Trasler,mtrasler40@cyberchimps.com,Male,196.187.125.98
146,Horacio,Lakes,hlakes41@webeden.co.uk,Male,109.92.213.69
147,Giulio,Sitch,gsitch42@lulu.com,Male,1.175.113.144
148,Tome,Bragg,tbragg43@salon.com,Male,35.22.20.204
149,Letty,Gallen,lgallen44@mediafire.com,Female,215.242.155.176
150,Mikael,Turban,mturban45@dropbox.com,Male,13.126.253.235
151,Brennen,Eastup,beastup46@github.com,Male,180.125.18.200
152,Wilow,Barette,wbarette47@webnode.com,Female,249.223.15.142
153,Swen,Goodier,sgoodier48@gov.uk,Male,193.110.26.156
154,Raynard,Hrycek,rhrycek49@ihg.com,Non-binary,14.71.175.2
155,Jessee,Matterson,jmatterson4a@state.gov,Male,26.224.223.70
156,Jesus,Labone,jlabone4b@mtv.com,Non-binary,95.200.153.4
157,Hew,Blackler,hblackler4c@fc2.com,Male,116.171.127.193
158,Helenelizabeth,Prosh,hprosh4d@deviantart.com,Female,230.164.173.235
159,Elisabetta,Fairbourn,efairbourn4e@joomla.org,Female,206.173.100.250
160,Maggee,Deniset,mdeniset4f@yellowpages.com,Female,244.132.174.29
161,Gilda,Gheeraert,ggheeraert4g@photobucket.com,Polygender,72.137.49.236
162,Niels,Phillput,nphillput4h@cnbc.com,Male,13.117.16.17
163,Dexter,Januszewicz,djanuszewicz4i@chron.com,Male,47.111.60.107
164,Gordy,Deinhardt,gdeinhardt4j@ihg.com,Male,239.242.73.36
165,Mathias,Moult,mmoult4k@baidu.com,Male,162.212.39.116
166,Lydie,Plewright,lplewright4l@netlog.com,Genderfluid,149.171.187.6
167,Lynelle,Angell,langell4m@php.net,Female,225.241.205.35
168,Stephani,Cutress,scutress4n@mysql.com,Female,73.95.132.149
169,Andrea,Norval,anorval4o@oakley.com,Male,226.138.79.61
170,Aliza,Cowern,acowern4p@dot.gov,Female,81.110.146.184
171,Lawrence,Pavlovsky,lpavlovsky4q@alibaba.com,Male,79.175.245.198
172,Abbot,Stiffell,astiffell4r@tmall.com,Male,159.119.42.215
173,Buffy,Fannin,bfannin4s@nba.com,Female,135.240.75.212
174,Waylin,Hollow,whollow4t@fotki.com,Male,18.250.7.255
175,Yasmin,Bysaker,ybysaker4u@slideshare.net,Female,88.179.245.52
176,Nat,Aiton,naiton4v@addthis.com,Female,29.229.80.86
177,Starlin,Rate,srate4w@uol.com.br,Female,41.240.152.136
178,Petunia,Baal,pbaal4x@mac.com,Female,61.194.135.39
179,Sascha,Steckings,ssteckings4y@rediff.com,Male,99.20.73.117
180,Dougy,Powley,dpowley4z@theatlantic.com,Male,34.199.204.75
181,Nate,Anglim,nanglim50@g.co,Male,39.143.45.26
182,Karita,Brisseau,kbrisseau51@surveymonkey.com,Female,160.188.5.207
183,Antony,Gillmore,agillmore52@foxnews.com,Male,223.197.73.177
184,Sonny,Soule,ssoule53@techcrunch.com,Male,196.41.252.174
185,Cynthea,Karchewski,ckarchewski54@theatlantic.com,Female,228.191.117.113
186,Marijo,Dumingos,mdumingos55@slideshare.net,Female,195.139.34.237
187,Hersch,Infantino,hinfantino56@macromedia.com,Male,124.142.227.15
188,Gerri,Endrizzi,gendrizzi57@who.int,Male,165.15.172.34
189,Dita,Pidgeley,dpidgeley58@cbsnews.com,Female,135.52.25.179
190,Cordell,Turvey,cturvey59@posterous.com,Male,139.202.33.13
191,Janeczka,Lawtey,jlawtey5a@scientificamerican.com,Female,8.222.193.139
192,Allan,Lippatt,alippatt5b@flickr.com,Male,189.109.225.12
193,Lambert,Charer,lcharer5c@google.com,Male,254.51.42.103
194,Fin,Frith,ffrith5d@amazon.de,Bigender,126.134.166.170
195,Malvina,Ballay,mballay5e@netlog.com,Female,179.144.164.124
196,Abel,Scarre,ascarre5f@sun.com,Male,233.145.127.2
197,Harmonie,Minards,hminards5g@twitter.com,Female,55.63.143.194
198,Liam,Hawse,lhawse5h@pbs.org,Male,79.129.156.143
199,Joanna,McMillian,jmcmillian5i@ft.com,Female,122.3.220.176
200,Pris,Barthorpe,pbarthorpe5j@nih.gov,Female,177.114.62.132
201,Jasen,Sapseed,jsapseed5k@jigsy.com,Male,107.248.239.225
202,Bink,Denmead,bdenmead5l@dedecms.com,Male,0.163.117.195
203,Minne,Haskew,mhaskew5m@symantec.com,Female,164.176.224.127
204,Nester,Ambrozewicz,nambrozewicz5n@opensource.org,Male,151.174.198.239
205,Merrick,Garm,mgarm5o@globo.com,Male,117.46.243.46
206,Corbett,Sedgman,csedgman5p@mail.ru,Male,144.217.239.17
207,Augusto,Freeborn,afreeborn5q@theatlantic.com,Male,137.93.166.123
208,Tobey,Campes,tcampes5r@bandcamp.com,Female,32.33.28.165
209,Euell,Shildrick,eshildrick5s@nba.com,Male,138.240.200.206
210,Wolfgang,Gudyer,wgudyer5t@unesco.org,Male,125.22.181.98
211,Kalle,Dowdney,kdowdney5u@ow.ly,Male,216.217.205.208
212,Emmeline,Crookall,ecrookall5v@creativecommons.org,Non-binary,80.192.65.90
213,Sherilyn,Mowat,smowat5w@skype.com,Female,37.156.117.237
214,Rosetta,Pickring,rpickring5x@themeforest.net,Female,98.93.62.248
215,Danyette,Slobom,dslobom5y@nifty.com,Bigender,10.137.231.86
216,Jenna,Bretherton,jbretherton5z@eepurl.com,Female,235.106.88.161
217,Olympie,Shipston,oshipston60@wikipedia.org,Female,217.184.238.129
218,Filbert,Kiernan,fkiernan61@aboutads.info,Male,139.233.234.105
219,Jacky,Wellsman,jwellsman62@mtv.com,Female,7.39.202.68
220,Lolly,Jewsbury,ljewsbury63@spotify.com,Female,173.152.100.4
221,Rowe,Gluyus,rgluyus64@twitter.com,Female,184.15.132.239
222,Darelle,Rushmer,drushmer65@whitehouse.gov,Female,159.95.222.84
223,Lainey,Blyth,lblyth66@unesco.org,Female,246.187.53.23
224,Vivi,Ianittello,vianittello67@youtube.com,Female,220.56.43.21
225,Daryl,Jaxon,djaxon68@dmoz.org,Female,127.200.34.71
226,Lauretta,Andersson,landersson69@ucoz.com,Female,158.49.20.237
227,Max,Humes,mhumes6a@hatena.ne.jp,Female,247.246.188.227
228,Aurea,Stolte,astolte6b@europa.eu,Female,0.121.32.185
229,Forbes,Cheyenne,fcheyenne6c@google.cn,Male,9.220.27.194
230,Judah,Delnevo,jdelnevo6d@miibeian.gov.cn,Male,90.89.182.240
231,Tamas,Bogey,tbogey6e@w3.org,Male,116.97.75.243
232,Uri,Hitschke,uhitschke6f@multiply.com,Male,3.226.59.212
233,Ambros,Borgnol,aborgnol6g@wiley.com,Male,80.112.152.196
234,Virgie,Jowsey,vjowsey6h@hp.com,Male,206.72.174.7
235,Stephanus,Grahlmans,sgrahlmans6i@cpanel.net,Male,13.65.199.119
236,Tawnya,Ingles,tingles6j@arstechnica.com,Female,13.41.93.20
237,Jillayne,Pischoff,jpischoff6k@diigo.com,Female,18.192.145.12
238,Guillema,Shottin,gshottin6l@free.fr,Female,205.97.10.136
239,Normie,Felmingham,nfelmingham6m@wsj.com,Male,249.128.13.67
240,Spense,Harbor,sharbor6n@google.pl,Male,234.1.73.39
241,Roana,Rowell,rrowell6o@arizona.edu,Female,6.187.163.211
242,Wendel,Gayforth,wgayforth6p@uiuc.edu,Male,119.215.28.37
243,Haskell,Louys,hlouys6q@wikimedia.org,Male,100.41.176.6
244,Toddie,Macrow,tmacrow6r@stanford.edu,Male,138.226.158.0
245,Rowan,Rigardeau,rrigardeau6s@so-net.ne.jp,Male,239.99.138.16
246,Prent,Hardware,phardware6t@hexun.com,Male,237.73.22.105
247,Kevan,Witherop,kwitherop6u@weebly.com,Male,105.24.183.105
248,Jeromy,Kermit,jkermit6v@over-blog.com,Genderfluid,75.86.238.151
249,Heida,Yanyushkin,hyanyushkin6w@shutterfly.com,Female,245.20.96.157
250,Jaclin,Forte,jforte6x@yahoo.com,Female,246.85.94.152
251,Jessica,Jannaway,jjannaway6y@tuttocitta.it,Female,232.224.12.28
252,Magdalen,Slyne,mslyne6z@europa.eu,Female,2.105.49.46
253,Ennis,Sloane,esloane70@mapquest.com,Male,137.215.209.143
254,Nicoline,Vlies,nvlies71@hugedomains.com,Female,174.94.249.2
255,Dirk,Goodlud,dgoodlud72@sina.com.cn,Male,5.244.192.121
256,Raymund,Meeland,rmeeland73@gov.uk,Male,22.78.31.42
257,Bald,Puddan,bpuddan74@soundcloud.com,Agender,118.83.255.96
258,Wynne,Crompton,wcrompton75@jalbum.net,Female,121.159.190.34
259,Nowell,Capes,ncapes76@privacy.gov.au,Male,201.53.233.249
260,Kayne,Yallop,kyallop77@ehow.com,Male,139.36.106.249
261,Iris,Rastrick,irastrick78@icq.com,Female,81.43.245.225
262,Marge,Slora,mslora79@whitehouse.gov,Female,13.201.89.89
263,Clarabelle,Hinckes,chinckes7a@walmart.com,Female,40.125.225.125
264,Diandra,Sewall,dsewall7b@desdev.cn,Female,153.249.81.146
265,Vernen,Libreros,vlibreros7c@tiny.cc,Male,114.22.96.196
266,Skipp,Rraundl,srraundl7d@uiuc.edu,Male,255.161.57.78
267,Korry,Abethell,kabethell7e@msn.com,Female,162.197.22.62
268,Ingelbert,O'Kane,iokane7f@biglobe.ne.jp,Male,48.241.170.112
269,Huntlee,Ramsbotham,hramsbotham7g@google.ca,Non-binary,232.131.129.173
270,Merwin,Mozzetti,mmozzetti7h@discuz.net,Male,157.249.108.221
271,Prudy,Songist,psongist7i@umich.edu,Female,162.220.34.196
272,Laurena,Burden,lburden7j@cbsnews.com,Female,31.26.79.93
273,Raynell,Gutch,rgutch7k@house.gov,Female,132.185.20.130
274,Verney,Hartfield,vhartfield7l@shareasale.com,Male,237.58.37.197
275,Rolf,Corrigan,rcorrigan7m@cargocollective.com,Male,25.181.120.6
276,Darrin,Rickman,drickman7n@discuz.net,Male,114.207.208.244
277,Pren,Foston,pfoston7o@theguardian.com,Agender,250.101.197.218
278,Constancia,Todhunter,ctodhunter7p@topsy.com,Female,109.54.9.61
279,Xenia,Armour,xarmour7q@dailymotion.com,Female,172.86.1.87
280,Pieter,Kellegher,pkellegher7r@si.edu,Male,21.152.201.44
281,Sutton,Robinett,srobinett7s@census.gov,Male,159.113.19.26
282,Aldo,Mushet,amushet7t@google.cn,Male,25.227.103.199
283,Hayward,Trigwell,htrigwell7u@goodreads.com,Male,234.102.59.141
284,Ricoriki,Busse,rbusse7v@wufoo.com,Male,127.53.101.38
285,Reese,Mankor,rmankor7w@eepurl.com,Male,59.157.152.41
286,Tallou,Yearron,tyearron7x@wired.com,Female,218.32.25.92
287,Arnaldo,Yter,ayter7y@imdb.com,Male,138.31.158.0
288,Dukey,Fesby,dfesby7z@fastcompany.com,Male,219.180.162.221
289,Debbie,Jarred,djarred80@webmd.com,Female,167.131.182.239
290,Terry,Montez,tmontez81@illinois.edu,Male,158.215.105.156
291,Lesley,Quested,lquested82@51.la,Female,195.73.222.251
292,Vikki,Maling,vmaling83@vkontakte.ru,Female,9.240.153.58
293,Kyrstin,Clinning,kclinning84@geocities.com,Female,248.51.23.196
294,Coop,Aiken,caiken85@gmpg.org,Male,162.246.90.224
295,Gabriel,Amer,gamer86@issuu.com,Female,31.224.162.29
296,Archie,Brazil,abrazil87@patch.com,Male,118.225.51.211
297,Tiffani,Georgelin,tgeorgelin88@behance.net,Female,148.73.148.96
298,Ario,Wilcock,awilcock89@bizjournals.com,Male,219.221.249.10
299,Wilfred,Greengrass,wgreengrass8a@cloudflare.com,Male,125.181.151.68
300,Dorthea,Haggus,dhaggus8b@last.fm,Female,173.163.189.29
301,Alika,Reubens,areubens8c@mysql.com,Female,75.16.206.230
302,Upton,Camplen,ucamplen8d@rakuten.co.jp,Male,39.58.226.252
303,Flemming,Bownas,fbownas8e@xing.com,Agender,80.211.120.199
304,Torre,Farncombe,tfarncombe8f@gov.uk,Male,186.57.130.216
305,Raimundo,Spurryer,rspurryer8g@t.co,Male,163.190.241.91
306,Adolpho,Ortega,aortega8h@facebook.com,Male,91.49.186.18
307,Colan,McSwan,cmcswan8i@naver.com,Male,71.12.129.169
308,Boonie,Pearman,bpearman8j@istockphoto.com,Genderqueer,215.41.201.122
309,Lyndel,Zarfat,lzarfat8k@multiply.com,Agender,33.184.181.187
310,Clemmie,Jaouen,cjaouen8l@symantec.com,Male,228.251.196.79
311,Padraic,Addinall,paddinall8m@multiply.com,Male,211.145.104.88
312,Bear,Verbeke,bverbeke8n@angelfire.com,Male,173.7.177.17
313,Avram,Seven,aseven8o@vimeo.com,Male,161.237.175.204
314,Julita,Reisenstein,jreisenstein8p@gravatar.com,Female,4.225.135.214
315,Rheta,Rumbold,rrumbold8q@skype.com,Female,243.162.117.254
316,Louis,Derye-Barrett,lderyebarrett8r@answers.com,Male,228.172.184.36
317,Travus,Tallow,ttallow8s@amazon.co.uk,Male,122.191.101.103
318,Tilda,Dobney,tdobney8t@twitter.com,Female,142.125.9.60
319,Sella,Clogg,sclogg8u@sbwire.com,Female,154.85.98.97
320,Milicent,MacTimpany,mmactimpany8v@bloglines.com,Female,142.243.214.67
321,Manda,Pagen,mpagen8w@jugem.jp,Female,88.74.33.62
322,Buddy,Hatter,bhatter8x@washington.edu,Male,176.142.134.249
323,Glen,Covell,gcovell8y@apple.com,Female,239.36.1.144
324,Eyde,Roseburgh,eroseburgh8z@sciencedirect.com,Female,169.78.27.110
325,Darrel,Crilley,dcrilley90@patch.com,Male,77.8.166.168
326,Reyna,Nelles,rnelles91@yolasite.com,Female,14.79.249.137
327,Locke,Brelsford,lbrelsford92@imdb.com,Male,14.110.39.37
328,Gertrudis,Fuke,gfuke93@angelfire.com,Female,192.96.41.142
329,Trent,Rollitt,trollitt94@gravatar.com,Male,194.53.188.110
330,Val,Amori,vamori95@cisco.com,Female,255.64.249.107
331,Etienne,Van Der Walt,evanderwalt96@vkontakte.ru,Polygender,234.211.129.193
332,Stella,Grimster,sgrimster97@diigo.com,Female,225.57.35.210
333,Karie,Dumphries,kdumphries98@com.com,Agender,210.3.18.121
334,Monika,Tappor,mtappor99@php.net,Female,111.139.152.91
335,Orrin,Trehearn,otrehearn9a@whitehouse.gov,Male,69.128.93.58
336,Nahum,Garley,ngarley9b@netlog.com,Male,104.123.55.194
337,Agretha,Vasic,avasic9c@chron.com,Female,43.107.2.65
338,Roderic,Jirick,rjirick9d@booking.com,Male,182.115.114.21
339,Ahmad,Fallanche,afallanche9e@miitbeian.gov.cn,Male,153.20.141.77
340,Sunshine,Pummery,spummery9f@canalblog.com,Female,203.11.194.38
341,Paulo,Thomton,pthomton9g@creativecommons.org,Male,53.102.14.149
342,Arvie,Ofield,aofield9h@bigcartel.com,Male,193.40.54.26
343,Alikee,Ablott,aablott9i@europa.eu,Female,133.144.98.144
344,Ashton,Messer,amesser9j@flavors.me,Male,254.199.111.238
345,Merola,Harefoot,mharefoot9k@icq.com,Female,36.160.54.138
346,Chickie,Wisby,cwisby9l@myspace.com,Female,113.190.62.94
347,Christa,Laytham,claytham9m@spiegel.de,Female,72.128.192.239
348,Dana,Loughead,dloughead9n@google.com.au,Agender,148.166.200.19
349,Lindi,Rusling,lrusling9o@sbwire.com,Female,162.154.14.15
350,Kaylee,Jambrozek,kjambrozek9p@wordpress.org,Female,199.75.139.63
351,Magnum,Pesterfield,mpesterfield9q@google.com.au,Male,221.156.248.221
352,Joella,Orneblow,jorneblow9r@harvard.edu,Female,223.220.130.209
353,Cassie,Neeve,cneeve9s@google.com.au,Male,13.44.13.204
354,Dennie,Uc,duc9t@themeforest.net,Female,119.166.81.126
355,Nowell,Drew-Clifton,ndrewclifton9u@last.fm,Male,126.217.88.136
356,Jasun,Tatlow,jtatlow9v@state.tx.us,Male,189.13.7.155
357,Cassandry,Hartright,chartright9w@imageshack.us,Female,190.12.112.53
358,Lorilyn,Calverd,lcalverd9x@engadget.com,Female,226.176.155.139
359,Marietta,Fallon,mfallon9y@altervista.org,Male,214.169.211.77
360,Mollie,McMahon,mmcmahon9z@ehow.com,Female,250.238.126.124
361,Twila,Smitherman,tsmithermana0@flickr.com,Female,191.149.143.6
362,Emma,Wheildon,ewheildona1@abc.net.au,Female,206.161.13.8
363,Vinny,Pettecrew,vpettecrewa2@fotki.com,Female,159.68.33.134
364,Tobiah,Harnell,tharnella3@seesaa.net,Male,111.181.101.132
365,Siana,Cowe,scowea4@nydailynews.com,Female,227.223.128.180
366,Bendick,Nockells,bnockellsa5@ucla.edu,Male,193.230.50.64
367,Stormy,Dowgill,sdowgilla6@smh.com.au,Female,150.119.198.81
368,Luis,Schult,lschulta7@infoseek.co.jp,Male,58.163.211.246
369,Meriel,Berrow,mberrowa8@dell.com,Female,146.155.192.1
370,Pauli,Verryan,pverryana9@bloomberg.com,Female,68.168.126.211
371,Nellie,Towse,ntowseaa@narod.ru,Female,119.146.39.92
372,Evin,Jervoise,ejervoiseab@gravatar.com,Male,162.151.171.111
373,Valenka,McIsaac,vmcisaacac@cmu.edu,Female,118.146.20.27
374,Tildy,Spiring,tspiringad@irs.gov,Female,21.8.61.69
375,Barrett,Petto,bpettoae@chronoengine.com,Male,239.178.125.193
376,Marisa,Isherwood,misherwoodaf@illinois.edu,Female,183.185.24.81
377,Latia,Izakov,lizakovag@geocities.jp,Female,239.140.71.128
378,Trace,Helmke,thelmkeah@amazon.com,Male,57.49.253.88
379,Chastity,Hellikes,chellikesai@facebook.com,Female,24.84.119.199
380,Red,Torr,rtorraj@engadget.com,Non-binary,112.224.192.214
381,Humbert,Ceney,hceneyak@bravesites.com,Male,154.219.162.148
382,Hollis,Atheis,hatheisal@arstechnica.com,Polygender,107.13.137.250
383,Hurley,Blenkin,hblenkinam@miibeian.gov.cn,Male,100.43.98.1
384,Cesare,Fowlston,cfowlstonan@taobao.com,Male,43.84.126.139
385,Marcile,Giffin,mgiffinao@usnews.com,Female,62.65.71.153
386,Crin,Gouldbourn,cgouldbournap@cloudflare.com,Female,242.79.112.131
387,Ulrike,Sperry,usperryaq@wikispaces.com,Female,138.252.240.101
388,Darrin,Fullicks,dfullicksar@topsy.com,Male,16.210.30.67
389,Hadlee,Eastman,heastmanas@phoca.cz,Male,84.52.240.204
390,Mervin,Trivett,mtrivettat@flickr.com,Male,230.81.136.254
391,Darby,Astell,dastellau@alexa.com,Male,144.108.242.24
392,Juli,Hawtin,jhawtinav@marketwatch.com,Female,198.241.188.16
393,Hurley,Lardeux,hlardeuxaw@omniture.com,Male,102.102.0.189
394,Tiffani,Mitchell,tmitchellax@reuters.com,Female,102.32.126.214
395,Gussie,Bradman,gbradmanay@a8.net,Agender,7.68.177.207
396,Daniele,Radeliffe,dradeliffeaz@hostgator.com,Female,185.73.53.182
397,Vally,Noone,vnooneb0@google.it,Female,225.151.44.186
398,D'arcy,Oattes,doattesb1@phpbb.com,Male,137.167.153.58
399,Lock,Olenchikov,lolenchikovb2@moonfruit.com,Male,159.241.212.33
400,Richy,Snelgar,rsnelgarb3@arizona.edu,Male,68.166.73.235
401,Farr,Gravet,fgravetb4@amazon.co.jp,Male,93.228.2.216
402,Andris,Matisse,amatisseb5@creativecommons.org,Male,36.177.225.223
403,Giffie,Pennicard,gpennicardb6@imgur.com,Male,152.45.224.17
404,Prudi,Crews,pcrewsb7@mlb.com,Female,255.46.133.89
405,Garold,Fernely,gfernelyb8@live.com,Male,210.78.55.24
406,Cad,O'Neill,coneillb9@mozilla.org,Male,248.160.25.255
407,Roi,Yelding,ryeldingba@lulu.com,Non-binary,133.204.208.153
408,Rafe,Mellmoth,rmellmothbb@wikipedia.org,Male,141.75.33.61
409,Sharron,Hearsey,shearseybc@themeforest.net,Female,47.108.46.209
410,Eveline,Hebditch,ehebditchbd@joomla.org,Bigender,35.199.21.116
411,Kariotta,Tinkler,ktinklerbe@telegraph.co.uk,Female,137.9.65.144
412,Fields,Robens,frobensbf@reference.com,Male,156.88.165.105
413,Karim,Coleby,kcolebybg@wufoo.com,Male,5.134.162.36
414,Jody,Mohun,jmohunbh@wordpress.org,Male,90.15.126.141
415,Carlo,Milham,cmilhambi@seattletimes.com,Male,115.199.133.212
416,Janenna,De Malchar,jdemalcharbj@businessweek.com,Female,128.206.4.65
417,Cheslie,Dockerty,cdockertybk@webs.com,Female,232.217.138.70
418,David,Spellacey,dspellaceybl@joomla.org,Male,222.43.221.246
419,Marion,Milliken,mmillikenbm@yellowbook.com,Male,103.60.222.81
420,Nettie,Elcy,nelcybn@blog.com,Female,104.255.205.37
421,Susann,Upwood,supwoodbo@auda.org.au,Female,127.109.44.24
422,Bordy,Kitchen,bkitchenbp@wix.com,Male,203.191.87.220
423,Erda,O'Mara,eomarabq@discovery.com,Female,51.162.222.198
424,Lorant,Vanyashkin,lvanyashkinbr@mozilla.org,Male,69.60.158.230
425,Bogart,Annell,bannellbs@shutterfly.com,Male,247.206.185.204
426,Domenico,Raspison,draspisonbt@psu.edu,Male,107.184.14.111
427,Merridie,Miere,mmierebu@yale.edu,Female,254.243.88.89
428,Stacie,Cowlin,scowlinbv@npr.org,Female,221.63.223.127
429,Ari,Leggs,aleggsbw@ask.com,Non-binary,60.163.150.174
430,Emera,Woolager,ewoolagerbx@mashable.com,Female,212.105.254.121
431,Bamby,Fabri,bfabriby@cyberchimps.com,Female,104.225.213.57
432,Karel,Lightbourne,klightbournebz@blogtalkradio.com,Female,121.175.165.199
433,Karl,Savoury,ksavouryc0@networksolutions.com,Male,180.231.127.203
434,Esther,Bagnall,ebagnallc1@columbia.edu,Female,81.253.197.158
435,Ailbert,Denness,adennessc2@ning.com,Male,185.46.207.179
436,Kesley,Agronski,kagronskic3@hhs.gov,Female,188.97.87.162
437,Mandi,Mordue,mmorduec4@a8.net,Female,182.62.246.11
438,Lida,Goch,lgochc5@surveymonkey.com,Non-binary,140.136.123.36
439,Gare,Durno,gdurnoc6@msu.edu,Male,169.210.251.95
440,Dorian,Gildroy,dgildroyc7@amazon.co.uk,Female,158.44.202.19
441,Cassy,Milburne,cmilburnec8@networksolutions.com,Female,165.26.90.5
442,Arvin,Torrijos,atorrijosc9@wisc.edu,Male,55.170.147.166
443,Aubrey,Usherwood,ausherwoodca@sphinn.com,Non-binary,0.135.114.154
444,Lorant,Seleway,lselewaycb@jiathis.com,Male,113.166.36.166
445,Matt,Doerffer,mdoerffercc@naver.com,Male,197.160.33.124
446,Wainwright,Jouandet,wjouandetcd@webeden.co.uk,Male,88.248.114.174
447,Bree,Solly,bsollyce@illinois.edu,Female,254.135.207.233
448,Binni,Harragin,bharragincf@imdb.com,Female,130.164.51.207
449,Gustav,Trodden,gtroddencg@pen.io,Male,150.89.86.252
450,Iosep,Juanes,ijuanesch@sciencedaily.com,Male,23.72.178.142
451,Astrix,Verrick,averrickci@youtube.com,Female,61.8.199.102
452,Jeanie,State,jstatecj@cpanel.net,Female,161.235.235.221
453,Tommie,Provost,tprovostck@angelfire.com,Female,242.31.54.216
454,Brady,Cowherd,bcowherdcl@sitemeter.com,Male,42.47.186.222
455,Deerdre,Dunton,dduntoncm@youku.com,Female,209.131.162.81
456,Hadleigh,Shotter,hshottercn@dell.com,Male,151.133.24.251
457,Mick,Diss,mdissco@a8.net,Male,134.5.151.93
458,Andrei,Lansdowne,alansdownecp@angelfire.com,Female,22.172.191.208
459,Bear,Coggen,bcoggencq@goodreads.com,Male,252.38.0.91
460,Howey,Jennemann,hjennemanncr@mapy.cz,Male,90.48.73.227
461,Magdalen,Pannett,mpannettcs@usnews.com,Female,115.66.202.155
462,Ajay,Kabsch,akabschct@livejournal.com,Agender,71.234.68.246
463,Cecil,Hought,choughtcu@1688.com,Female,122.233.88.67
464,Melina,McNeely,mmcneelycv@xinhuanet.com,Female,90.224.18.248
465,Eberto,Treadway,etreadwaycw@umich.edu,Male,150.216.190.248
466,Delila,Ismail,dismailcx@epa.gov,Female,139.210.236.10
467,Freida,Madders,fmadderscy@is.gd,Female,245.76.72.139
468,Mychal,Boissier,mboissiercz@jimdo.com,Male,111.38.15.98
469,Aimee,Barbour,abarbourd0@booking.com,Female,136.1.222.85
470,Ottilie,Scotchford,oscotchfordd1@nifty.com,Female,53.241.190.179
471,Tonye,Gerrietz,tgerrietzd2@indiegogo.com,Female,121.239.171.241
472,Amberly,Fawkes,afawkesd3@telegraph.co.uk,Female,133.31.180.4
473,Udall,Lovett,ulovettd4@dion.ne.jp,Non-binary,99.140.240.237
474,Chantalle,Thompkins,cthompkinsd5@cbc.ca,Female,146.41.92.117
475,Dominik,Acres,dacresd6@hhs.gov,Male,199.153.53.67
476,Adelaida,Gainor,againord7@usda.gov,Female,243.197.64.219
477,Benedikt,Petticrew,bpetticrewd8@amazon.co.jp,Male,124.51.29.192
478,Filberto,Shelvey,fshelveyd9@soup.io,Male,9.156.170.219
479,Fionnula,Craske,fcraskeda@oakley.com,Female,128.55.8.55
480,Dori,Bearham,dbearhamdb@tiny.cc,Female,135.73.38.75
481,Lynnelle,Lening,lleningdc@noaa.gov,Female,49.61.206.219
482,Daren,Tidder,dtidderdd@wufoo.com,Male,53.173.155.87
483,Fifi,Lodder,flodderde@npr.org,Female,181.84.12.134
484,Nani,Clemmens,nclemmensdf@dell.com,Female,118.167.20.202
485,Whitaker,Summerskill,wsummerskilldg@bing.com,Male,144.235.116.251
486,Diahann,Kier,dkierdh@comcast.net,Female,135.151.233.133
487,Margret,Bridgland,mbridglanddi@rediff.com,Genderfluid,153.241.213.124
488,Fannie,Stockle,fstockledj@linkedin.com,Non-binary,29.197.184.135
489,Brodie,Poulton,bpoultondk@chronoengine.com,Male,61.55.175.67
490,Ganny,Sketcher,gsketcherdl@dailymail.co.uk,Male,19.145.7.147
491,Kermy,Laurand,klauranddm@tinypic.com,Male,150.182.45.128
492,Seward,Roja,srojadn@multiply.com,Male,179.167.19.44
493,Dalenna,Audas,daudasdo@answers.com,Female,253.86.79.101
494,Elsi,Adriano,eadrianodp@opera.com,Female,42.84.92.66
495,Oliviero,Gianninotti,ogianninottidq@constantcontact.com,Male,69.138.68.69
496,Adolphe,Conwell,aconwelldr@reuters.com,Male,202.79.41.86
497,Gussi,Ganford,gganfordds@yolasite.com,Female,163.62.102.109
498,Fanny,Ostridge,fostridgedt@webeden.co.uk,Female,248.213.51.99
499,Everett,MacKonochie,emackonochiedu@nifty.com,Male,54.248.3.103
500,Gipsy,Chorlton,gchorltondv@clickbank.net,Female,100.42.197.207
501,Celestina,Croydon,ccroydondw@oakley.com,Female,68.187.197.231
502,Axel,Mac,amacdx@youtu.be,Male,44.193.158.71
503,Ab,Pigram,apigramdy@earthlink.net,Male,246.205.150.112
504,Lemar,Huttley,lhuttleydz@ask.com,Non-binary,242.207.118.255
505,Luis,McGebenay,lmcgebenaye0@omniture.com,Male,135.237.103.22
506,Gipsy,Ifill,gifille1@linkedin.com,Agender,149.49.140.161
507,Judith,Stoile,jstoilee2@who.int,Polygender,93.73.195.2
508,Birgit,Tithecott,btithecotte3@people.com.cn,Female,189.173.89.19
509,Liv,Brownfield,lbrownfielde4@list-manage.com,Female,9.110.159.180
510,Birgit,Maudsley,bmaudsleye5@4shared.com,Female,205.42.166.12
511,Analise,Manns,amannse6@google.nl,Female,239.211.21.135
512,Adina,Wittier,awittiere7@mac.com,Female,62.131.237.202
513,Maurie,Slyford,mslyforde8@columbia.edu,Male,15.134.56.194
514,Brady,Lilleyman,blilleymane9@moonfruit.com,Male,115.54.177.99
515,Sharona,Dowthwaite,sdowthwaiteea@sitemeter.com,Female,33.181.151.237
516,Madge,Charon,mcharoneb@alexa.com,Female,0.156.115.192
517,Fenelia,Skerritt,fskerrittec@google.co.jp,Female,12.176.225.21
518,Kirsten,Wippermann,kwippermanned@surveymonkey.com,Female,52.230.144.224
519,Milzie,Dowle,mdowleee@scribd.com,Female,115.29.106.162
520,Gayel,Khomishin,gkhomishinef@nba.com,Female,55.203.198.123
521,Silvanus,Furmage,sfurmageeg@soup.io,Genderfluid,147.202.241.18
522,Granville,Kingescot,gkingescoteh@biglobe.ne.jp,Male,20.249.74.130
523,Travus,Barradell,tbarradellei@privacy.gov.au,Male,179.10.205.61
524,Rosaleen,Tofanelli,rtofanelliej@twitter.com,Female,223.86.75.49
525,Kaine,Barriball,kbarriballek@msu.edu,Male,140.246.133.83
526,Will,Fluit,wfluitel@ustream.tv,Male,0.56.62.92
527,Ignacius,Broadley,ibroadleyem@apache.org,Male,228.241.65.2
528,Arlyn,Guerner,aguerneren@drupal.org,Female,83.28.129.17
529,Bastien,Denyakin,bdenyakineo@blogtalkradio.com,Male,189.36.217.34
530,Ysabel,Balam,ybalamep@unesco.org,Female,83.64.134.67
531,Curtice,O'Scollain,coscollaineq@cyberchimps.com,Male,254.177.66.118
532,Reg,Bunclark,rbunclarker@auda.org.au,Male,194.255.250.241
533,Galven,Virgin,gvirgines@forbes.com,Polygender,169.26.157.180
534,Abey,Bullingham,abullinghamet@a8.net,Male,254.42.31.10
535,Althea,Keher,akehereu@tinyurl.com,Female,154.45.219.132
536,Jerrylee,McCaughey,jmccaugheyev@bbb.org,Female,73.218.147.191
537,Carin,Joselin,cjoselinew@goo.gl,Female,229.172.103.130
538,Kendell,Greensmith,kgreensmithex@unc.edu,Male,243.76.230.209
539,Timi,Kubecka,tkubeckaey@europa.eu,Female,118.117.115.178
540,Markus,Pinchbeck,mpinchbeckez@wp.com,Male,210.169.145.148
541,Cosme,Waything,cwaythingf0@opera.com,Male,180.41.80.224
542,Madelon,Oldrey,moldreyf1@zimbio.com,Female,90.222.228.53
543,Noelle,Meek,nmeekf2@sitemeter.com,Female,193.144.252.30
544,Tammy,O'Hara,toharaf3@hc360.com,Female,127.255.105.254
545,Orbadiah,Burnitt,oburnittf4@mit.edu,Male,135.133.236.193
546,Carlita,Goseling,cgoselingf5@marketwatch.com,Female,199.90.46.72
547,Danielle,Topliss,dtoplissf6@abc.net.au,Female,124.245.89.107
548,Cindy,Birckmann,cbirckmannf7@ehow.com,Female,146.92.143.152
549,Norbert,Mougenel,nmougenelf8@hhs.gov,Genderqueer,120.25.91.231
550,Gabriel,Reagan,greaganf9@google.de,Male,91.1.89.57
551,Raynard,Vasyutochkin,rvasyutochkinfa@wunderground.com,Male,31.101.149.231
552,Sydelle,Tolworthie,stolworthiefb@latimes.com,Female,81.142.132.44
553,Mathilda,Calow,mcalowfc@godaddy.com,Female,129.100.31.106
554,Nike,Harlock,nharlockfd@ehow.com,Female,124.77.207.54
555,Iorgos,Kidston,ikidstonfe@samsung.com,Male,32.198.90.104
556,Miranda,Aartsen,maartsenff@51.la,Female,170.137.52.55
557,Reinaldos,Doudny,rdoudnyfg@cbc.ca,Male,173.20.8.161
558,Consalve,Simmens,csimmensfh@imageshack.us,Male,45.81.163.161
559,Desiri,Frean,dfreanfi@ameblo.jp,Female,121.72.151.93
560,Lexi,Filipiak,lfilipiakfj@xrea.com,Female,232.223.9.104
561,Ozzy,Rosenfrucht,orosenfruchtfk@berkeley.edu,Male,225.218.211.8
562,Thomasa,Folliott,tfolliottfl@telegraph.co.uk,Female,186.144.224.90
563,Rhonda,Grollmann,rgrollmannfm@techcrunch.com,Female,98.178.52.88
564,Henry,Ancketill,hancketillfn@comsenz.com,Male,186.85.65.220
565,Keen,Kirton,kkirtonfo@infoseek.co.jp,Male,170.106.122.57
566,Arlyne,Tarbox,atarboxfp@hc360.com,Female,237.110.193.182
567,Cesaro,Tattershall,ctattershallfq@eventbrite.com,Male,97.91.115.133
568,Heriberto,Vispo,hvispofr@google.com.br,Male,171.145.235.154
569,Vanya,Bagshawe,vbagshawefs@diigo.com,Female,142.242.8.223
570,Cortie,Tennick,ctennickft@bbc.co.uk,Agender,209.207.177.133
571,Batsheva,Camerello,bcamerellofu@rakuten.co.jp,Female,173.85.34.184
572,Fairfax,Torr,ftorrfv@sciencedirect.com,Male,38.242.16.131
573,Missy,Beggini,mbegginifw@hubpages.com,Polygender,80.23.29.250
574,Hughie,Pulfer,hpulferfx@hud.gov,Male,190.202.90.74
575,Sigismundo,Minney,sminneyfy@hao123.com,Male,41.244.93.98
576,Nickie,Ollcott,nollcottfz@noaa.gov,Female,200.63.114.228
577,Adler,Deware,adewareg0@hc360.com,Male,209.16.235.234
578,Luca,Scholte,lscholteg1@g.co,Male,166.6.170.61
579,Reidar,Petherick,rpetherickg2@istockphoto.com,Male,237.117.156.109
580,Hadleigh,Moores,hmooresg3@redcross.org,Male,232.212.130.105
581,Marve,Fortie,mfortieg4@ezinearticles.com,Male,244.202.22.193
582,Jervis,Kynnd,jkynndg5@nyu.edu,Bigender,83.89.36.34
583,Windy,Prisk,wpriskg6@sourceforge.net,Polygender,35.38.234.44
584,Adelaida,Wynch,awynchg7@geocities.com,Female,150.72.187.163
585,Tristan,Kellegher,tkellegherg8@elegantthemes.com,Male,62.98.58.98
586,Guilbert,Hoodless,ghoodlessg9@amazon.com,Male,7.162.21.146
587,Adamo,Cramond,acramondga@gizmodo.com,Male,28.166.33.246
588,Wenonah,Simoncini,wsimoncinigb@merriam-webster.com,Female,174.117.26.19
589,Mahalia,Bento,mbentogc@samsung.com,Female,220.84.179.128
590,Correy,Guinnane,cguinnanegd@bbc.co.uk,Male,128.213.81.255
591,Annecorinne,Rizzone,arizzonege@1688.com,Female,129.9.65.144
592,Patricia,Varlow,pvarlowgf@printfriendly.com,Female,179.1.118.26
593,Hailee,Chicotti,hchicottigg@nydailynews.com,Female,64.47.143.67
594,Joyous,Hendrik,jhendrikgh@cafepress.com,Female,7.96.173.67
595,Olav,Stent,ostentgi@vimeo.com,Male,93.39.230.171
596,Shelbi,Raccio,sracciogj@bravesites.com,Female,25.88.19.49
597,Elli,Esel,eeselgk@fc2.com,Female,55.113.80.237
598,Merl,McDill,mmcdillgl@unc.edu,Female,26.238.229.175
599,Sharia,Glisenan,sglisenangm@sfgate.com,Female,89.90.75.212
600,Zaccaria,Rivelon,zrivelongn@kickstarter.com,Male,141.22.231.228
601,Sorcha,Jepp,sjeppgo@cbsnews.com,Female,151.213.203.22
602,Ivett,Pesic,ipesicgp@msn.com,Female,213.240.176.50
603,Nixie,De Castri,ndecastrigq@purevolume.com,Female,74.23.10.61
604,Buffy,Sholem,bsholemgr@ca.gov,Polygender,162.255.223.21
605,Sidonia,Matley,smatleygs@comcast.net,Female,243.48.21.55
606,Guillermo,Seger,gsegergt@yale.edu,Male,57.228.14.93
607,Elberta,Southcoat,esouthcoatgu@multiply.com,Female,72.216.67.195
608,Jeane,Moylan,jmoylangv@trellian.com,Female,14.151.66.246
609,Vivia,Pettwood,vpettwoodgw@ftc.gov,Female,245.154.28.92
610,Rudd,Shackleford,rshacklefordgx@blogger.com,Male,252.173.239.232
611,Celie,Dudny,cdudnygy@vk.com,Female,213.169.209.210
612,Garik,Gilliland,ggillilandgz@techcrunch.com,Male,78.10.88.169
613,Putnem,Rizzini,prizzinih0@gov.uk,Male,203.218.145.37
614,Rosalia,Deguara,rdeguarah1@myspace.com,Female,242.91.22.230
615,Paddie,Rignold,prignoldh2@yale.edu,Male,50.154.224.41
616,Arlena,Goligher,agoligherh3@comcast.net,Female,192.134.90.52
617,Pieter,Clemens,pclemensh4@phpbb.com,Male,204.138.91.240
618,Arin,Boss,abossh5@scientificamerican.com,Genderfluid,107.43.236.129
619,Deeann,Kleinert,dkleinerth6@devhub.com,Female,180.9.48.6
620,Deena,Mulvin,dmulvinh7@cbslocal.com,Female,34.211.155.231
621,Esra,Brigman,ebrigmanh8@dot.gov,Male,198.243.127.124
622,Krystalle,Dureden,kduredenh9@businessweek.com,Bigender,165.13.183.144
623,Karena,Rimbault,krimbaultha@histats.com,Female,127.197.232.110
624,Diarmid,Northam,dnorthamhb@yellowpages.com,Male,12.227.241.128
625,Merline,Siward,msiwardhc@google.cn,Female,128.128.234.178
626,Brina,Bellord,bbellordhd@cmu.edu,Bigender,252.14.109.111
627,Faustine,Seelbach,fseelbachhe@artisteer.com,Female,42.190.121.122
628,Lanae,Toye,ltoyehf@who.int,Female,160.55.207.222
629,Giacinta,Bynert,gbynerthg@github.io,Female,132.161.227.37
630,Averill,Scraggs,ascraggshh@hp.com,Male,142.176.70.204
631,Kurt,Shucksmith,kshucksmithhi@geocities.jp,Male,148.12.81.166
632,Jae,Allott,jallotthj@paypal.com,Male,100.190.75.205
633,Hadley,Loreit,hloreithk@blinklist.com,Male,137.249.73.208
634,Addia,Castleton,acastletonhl@friendfeed.com,Female,215.8.150.167
635,Amalia,Nanninini,anannininihm@si.edu,Genderfluid,43.198.137.3
636,Trescha,Cockrem,tcockremhn@npr.org,Female,99.147.24.228
637,Eberto,Devinn,edevinnho@sogou.com,Male,122.20.206.110
638,Jessey,Wylder,jwylderhp@examiner.com,Male,245.77.172.75
639,Joelle,Bendixen,jbendixenhq@miitbeian.gov.cn,Polygender,60.27.178.91
640,Jillene,Izatt,jizatthr@uol.com.br,Polygender,178.247.227.135
641,Elliott,Pirson,epirsonhs@trellian.com,Male,94.225.177.146
642,Sherline,Holleran,sholleranht@cargocollective.com,Female,252.224.154.209
643,Adelbert,Bondesen,abondesenhu@buzzfeed.com,Male,42.119.222.2
644,Major,Basso,mbassohv@over-blog.com,Male,219.2.177.54
645,Althea,Genge,agengehw@devhub.com,Female,220.102.28.39
646,Emyle,Stapford,estapfordhx@netscape.com,Female,123.11.160.148
647,Noby,Giblin,ngiblinhy@issuu.com,Male,55.66.34.210
648,Silvano,Sullivan,ssullivanhz@rambler.ru,Male,211.164.26.234
649,Riley,Poplee,rpopleei0@samsung.com,Male,66.152.146.51
650,Cyrille,Stebbings,cstebbingsi1@ehow.com,Male,140.11.204.70
651,Carey,Longson,clongsoni2@prlog.org,Male,12.108.144.100
652,Jessi,Britto,jbrittoi3@qq.com,Female,241.139.229.207
653,Gardy,Gander,gganderi4@nps.gov,Non-binary,77.125.57.201
654,Arlene,Tures,aturesi5@lycos.com,Female,188.247.154.20
655,Jenny,Gopsill,jgopsilli6@nsw.gov.au,Female,31.207.145.88
656,Addie,Cowe,acowei7@lulu.com,Male,119.225.104.115
657,Hiram,Timbrell,htimbrelli8@mlb.com,Male,30.7.245.212
658,Vernor,Hellin,vhellini9@bbc.co.uk,Male,75.96.136.184
659,Mitzi,Symper,msymperia@sakura.ne.jp,Female,206.106.196.51
660,Alasdair,Shird,ashirdib@diigo.com,Male,118.139.157.66
661,Thaddeus,Baird,tbairdic@mail.ru,Male,2.10.51.207
662,Zaneta,Kasting,zkastingid@photobucket.com,Genderfluid,193.38.237.114
663,Jakie,Farrand,jfarrandie@weather.com,Male,217.47.92.70
664,Holt,Dunstan,hdunstanif@geocities.jp,Genderfluid,26.53.147.13
665,Scott,Spores,ssporesig@odnoklassniki.ru,Male,186.149.147.153
666,Patrice,Shwenn,pshwennih@phoca.cz,Male,107.100.65.41
667,Mirella,Tremmil,mtremmilii@delicious.com,Female,155.160.178.37
668,Gardener,Lewtey,glewteyij@prnewswire.com,Male,172.30.193.83
669,Jewelle,Cullin,jcullinik@indiatimes.com,Female,76.45.173.3
670,Eleni,Revelle,erevelleil@simplemachines.org,Female,52.216.158.68
671,Ula,Cavolini,ucavoliniim@usda.gov,Female,48.236.129.161
672,Bjorn,Hill,bhillin@cafepress.com,Male,22.7.12.60
673,Donn,Foyston,dfoystonio@domainmarket.com,Male,13.207.169.125
674,Frasquito,Pretor,fpretorip@wufoo.com,Male,72.192.15.89
675,Staford,Bisgrove,sbisgroveiq@washingtonpost.com,Male,177.118.112.155
676,Theressa,Basil,tbasilir@github.io,Female,243.250.105.146
677,Dylan,Wessing,dwessingis@g.co,Male,161.239.156.209
678,Tyrone,Agge,taggeit@dmoz.org,Male,74.166.124.220
679,Erin,Guise,eguiseiu@deliciousdays.com,Male,184.219.185.207
680,Chelsie,Wychard,cwychardiv@forbes.com,Female,132.127.250.43
681,Christye,Milstead,cmilsteadiw@ehow.com,Female,84.210.5.54
682,Margarete,Keyzor,mkeyzorix@fema.gov,Female,75.148.195.99
683,Concettina,Lehr,clehriy@imdb.com,Female,123.128.128.208
684,Birgit,Steely,bsteelyiz@engadget.com,Female,252.23.50.166
685,Karon,Tilney,ktilneyj0@unblog.fr,Genderqueer,237.215.92.211
686,Roseann,Likely,rlikelyj1@yolasite.com,Female,237.79.212.234
687,Isador,Heinlein,iheinleinj2@theglobeandmail.com,Male,206.55.151.62
688,Town,Farish,tfarishj3@fastcompany.com,Male,154.94.188.177
689,Jody,Fandrey,jfandreyj4@wiley.com,Male,87.59.208.130
690,Gradeigh,Czajkowska,gczajkowskaj5@plala.or.jp,Male,93.9.14.199
691,Dolley,Murphey,dmurpheyj6@spiegel.de,Polygender,68.62.22.74
692,Dunn,Brantzen,dbrantzenj7@google.it,Male,71.215.35.113
693,Garvey,Cheetam,gcheetamj8@blinklist.com,Male,11.241.68.52
694,Silvain,Murcott,smurcottj9@ucsd.edu,Male,105.107.103.105
695,Ali,Leworthy,aleworthyja@instagram.com,Female,247.212.120.234
696,Kat,Arens,karensjb@etsy.com,Female,6.46.237.109
697,Gage,Fullard,gfullardjc@goo.gl,Male,103.214.54.202
698,Brodie,Farrah,bfarrahjd@quantcast.com,Male,100.93.59.145
699,Cinda,Rootes,crootesje@over-blog.com,Female,24.1.8.86
700,Giffie,Lonergan,glonerganjf@home.pl,Male,247.63.154.175
701,Marylee,Brigginshaw,mbrigginshawjg@topsy.com,Female,5.126.80.236
702,Abramo,Cantrell,acantrelljh@uol.com.br,Male,77.129.129.114
703,Olag,Caldera,ocalderaji@infoseek.co.jp,Male,16.185.190.145
704,Glenn,Benninck,gbenninckjj@booking.com,Female,138.181.246.119
705,Earvin,McFall,emcfalljk@wikispaces.com,Male,60.249.194.43
706,Jordain,Willowby,jwillowbyjl@macromedia.com,Female,212.158.22.131
707,Wake,Leftbridge,wleftbridgejm@live.com,Male,162.53.25.79
708,Cordelie,Jacobson,cjacobsonjn@slideshare.net,Female,79.11.52.129
709,Zabrina,Gann,zgannjo@tripod.com,Non-binary,251.207.173.9
710,Erasmus,Ilyushkin,eilyushkinjp@theatlantic.com,Male,252.125.248.139
711,Ketty,Ruckert,kruckertjq@nytimes.com,Female,115.245.147.214
712,Cindie,Casellas,ccasellasjr@yandex.ru,Female,114.153.247.91
713,Ly,Travis,ltravisjs@miibeian.gov.cn,Male,249.175.96.11
714,Sheff,Sich,ssichjt@360.cn,Male,119.93.97.205
715,Marj,Feake,mfeakeju@wix.com,Female,48.17.164.68
716,Mable,McGrail,mmcgrailjv@telegraph.co.uk,Female,71.255.165.177
717,Cyril,Barenski,cbarenskijw@vinaora.com,Male,100.98.86.151
718,Clementina,Gooderick,cgooderickjx@istockphoto.com,Female,255.94.152.146
719,Hieronymus,Vaisey,hvaiseyjy@foxnews.com,Male,229.217.122.163
720,Bernadette,Arbuckle,barbucklejz@booking.com,Female,175.188.162.215
721,Bonnie,Arno,barnok0@marriott.com,Female,148.99.148.57
722,Reinhold,Izkovitz,rizkovitzk1@slashdot.org,Male,192.232.160.33
723,Starr,Wadley,swadleyk2@oaic.gov.au,Female,12.237.114.110
724,Uri,Starton,ustartonk3@unesco.org,Male,31.62.195.186
725,Gale,Bastistini,gbastistinik4@de.vu,Female,87.99.26.144
726,Burlie,Mangenot,bmangenotk5@nytimes.com,Male,114.4.75.12
727,Antonetta,Donhardt,adonhardtk6@twitter.com,Non-binary,39.57.167.160
728,Jacklin,Balls,jballsk7@nytimes.com,Female,3.120.240.94
729,Chase,Gemnett,cgemnettk8@sbwire.com,Male,211.5.160.117
730,Rochella,Kneale,rknealek9@amazonaws.com,Female,133.234.56.254
731,Daffie,Ellingworth,dellingworthka@de.vu,Female,54.242.26.31
732,Gordy,Widdecombe,gwiddecombekb@mail.ru,Male,43.213.50.88
733,Emily,Kingsmill,ekingsmillkc@uiuc.edu,Female,96.108.107.163
734,Sascha,Kuna,skunakd@liveinternet.ru,Male,17.69.91.172
735,Erin,Deverson,edeversonke@fc2.com,Male,215.154.87.126
736,Boot,Janning,bjanningkf@tinyurl.com,Male,153.139.194.25
737,Franklyn,Fisby,ffisbykg@google.com.hk,Male,188.101.92.132
738,Cristabel,Warry,cwarrykh@alibaba.com,Female,145.202.157.186
739,Jocelin,MacNeice,jmacneiceki@ox.ac.uk,Female,57.25.67.143
740,Britt,Moors,bmoorskj@mashable.com,Female,64.151.75.46
741,Benny,Gower,bgowerkk@alexa.com,Male,120.227.127.240
742,Barrett,Ledstone,bledstonekl@eepurl.com,Male,92.180.239.80
743,Harcourt,Brill,hbrillkm@opera.com,Male,235.141.252.67
744,Persis,Nijs,pnijskn@theatlantic.com,Female,167.1.117.87
745,Veronique,Klimkovich,vklimkovichko@wunderground.com,Female,218.244.56.31
746,Fidelio,Lillyman,flillymankp@wikispaces.com,Male,66.84.104.229
747,Tamara,Dressel,tdresselkq@mlb.com,Female,89.101.195.222
748,Austina,MacNockater,amacnockaterkr@blogger.com,Female,119.84.109.254
749,Roslyn,Nutley,rnutleyks@sbwire.com,Female,121.233.95.140
750,Diarmid,Fleote,dfleotekt@cyberchimps.com,Male,115.51.129.121
751,Lora,Juden,ljudenku@youtu.be,Genderfluid,162.42.59.199
752,Willabella,Rose,wrosekv@blogs.com,Female,182.11.51.100
753,Elmira,Greenalf,egreenalfkw@com.com,Female,242.237.219.123
754,Amalia,Friett,afriettkx@mapy.cz,Female,157.50.77.112
755,Jasun,Briffett,jbriffettky@sohu.com,Male,11.149.185.206
756,Blinnie,Bolstridge,bbolstridgekz@delicious.com,Female,151.97.127.166
757,Weber,Bohlsen,wbohlsenl0@go.com,Genderqueer,94.180.203.118
758,Annie,Strelitzer,astrelitzerl1@wordpress.org,Female,74.240.237.163
759,Ab,Peperell,apeperelll2@hugedomains.com,Male,36.113.129.12
760,Ancell,Leggis,aleggisl3@jugem.jp,Male,110.167.251.192
761,Gabriel,Dearle-Palser,gdearlepalserl4@cbsnews.com,Male,196.137.225.251
762,Dollie,Falkinder,dfalkinderl5@oaic.gov.au,Female,68.61.221.66
763,Serge,Bester,sbesterl6@gravatar.com,Male,238.8.150.76
764,Brook,Kay,bkayl7@yellowbook.com,Female,48.220.5.93
765,Felicio,Casaro,fcasarol8@bigcartel.com,Male,94.63.169.162
766,Nicholle,Thow,nthowl9@redcross.org,Genderqueer,202.170.253.100
767,Ilaire,MacGeaney,imacgeaneyla@auda.org.au,Male,149.86.58.91
768,Fanchon,Blundan,fblundanlb@cbslocal.com,Female,77.226.254.130
769,Ralina,Boise,rboiselc@google.de,Female,142.197.9.118
770,Nyssa,Olford,nolfordld@discuz.net,Female,79.23.173.85
771,Nichols,Hizir,nhizirle@free.fr,Male,123.206.11.212
772,Caddric,Sothcott,csothcottlf@wikipedia.org,Male,3.77.101.65
773,Trix,O'Sheerin,tosheerinlg@omniture.com,Female,209.199.102.171
774,Barnie,Dicker,bdickerlh@hud.gov,Male,251.104.117.230
775,Fonzie,Shirer,fshirerli@skype.com,Male,253.36.173.227
776,Maible,Alexsandrov,malexsandrovlj@naver.com,Female,6.199.90.137
777,Tawsha,Impson,timpsonlk@si.edu,Female,139.107.250.29
778,Salaidh,Paolo,spaololl@com.com,Agender,140.205.225.208
779,Samson,Beddis,sbeddislm@npr.org,Male,60.115.176.138
780,Conway,Elwel,celwelln@altervista.org,Male,84.120.11.143
781,Alaine,Crammy,acrammylo@i2i.jp,Female,226.134.46.232
782,Karissa,Hutchens,khutchenslp@blinklist.com,Female,161.138.113.21
783,Dominic,McCorkell,dmccorkelllq@walmart.com,Male,66.181.94.168
784,Norrie,Withinshaw,nwithinshawlr@gov.uk,Genderqueer,36.188.218.208
785,Gaye,Benkin,gbenkinls@drupal.org,Female,254.96.83.47
786,Hinda,Wiles,hwileslt@smugmug.com,Female,7.40.35.51
787,Jayson,Salan,jsalanlu@oakley.com,Male,7.29.153.199
788,Sallee,Reilinger,sreilingerlv@diigo.com,Female,241.45.188.109
789,Sydney,Redshaw,sredshawlw@cornell.edu,Male,7.244.67.105
790,Ambrosius,Kayser,akayserlx@a8.net,Male,5.34.44.53
791,Niles,Baumer,nbaumerly@thetimes.co.uk,Male,69.35.22.161
792,Pammi,Symms,psymmslz@intel.com,Female,102.250.22.119
793,Shermie,Davidowich,sdavidowichm0@msu.edu,Genderfluid,132.203.82.68
794,Tannie,Grinaugh,tgrinaughm1@ycombinator.com,Genderfluid,199.72.188.109
795,Kip,O'Reilly,koreillym2@artisteer.com,Male,87.13.89.157
796,Dolph,Pattullo,dpattullom3@netscape.com,Male,13.151.200.97
797,Alisander,Sallows,asallowsm4@europa.eu,Male,205.48.178.179
798,Heloise,Polak,hpolakm5@unesco.org,Female,16.188.83.178
799,Minta,Duthie,mduthiem6@weather.com,Female,188.54.163.10
800,Leonardo,Birdwhistell,lbirdwhistellm7@slideshare.net,Male,136.255.168.58
801,Torey,Obington,tobingtonm8@uiuc.edu,Male,82.96.131.176
802,Gradeigh,Gherardesci,ggherardescim9@irs.gov,Male,173.167.238.150
803,Avrit,Harrinson,aharrinsonma@about.com,Female,170.224.249.174
804,Enrica,Bransgrove,ebransgrovemb@51.la,Female,172.222.118.24
805,Laverna,Sautter,lsauttermc@springer.com,Female,191.170.170.186
806,Linda,Boc,lbocmd@myspace.com,Female,84.248.12.69
807,Marmaduke,Slyvester,mslyvesterme@google.com.au,Male,236.36.118.163
808,Cedric,Sigg,csiggmf@mayoclinic.com,Male,13.169.205.14
809,Austine,Willmett,awillmettmg@buzzfeed.com,Female,161.155.255.246
810,Keefer,Kybird,kkybirdmh@weebly.com,Male,149.111.153.13
811,Carlota,Besnardeau,cbesnardeaumi@umn.edu,Female,114.64.212.180
812,Reuven,Priestland,rpriestlandmj@vinaora.com,Male,182.110.246.118
813,Everard,Aykroyd,eaykroydmk@mapquest.com,Male,81.189.243.3
814,Terrill,Durn,tdurnml@earthlink.net,Male,186.2.143.110
815,Bank,Paolacci,bpaolaccimm@loc.gov,Male,108.224.6.117
816,Aguistin,O'Currine,aocurrinemn@live.com,Male,176.227.8.98
817,Myranda,LLelweln,mllelwelnmo@adobe.com,Female,159.193.73.173
818,Arte,Beverstock,abeverstockmp@uiuc.edu,Male,194.60.36.219
819,Ugo,Chaudron,uchaudronmq@g.co,Male,71.63.189.53
820,Ilyse,Fellenor,ifellenormr@nba.com,Female,102.52.67.62
821,Derry,Shipp,dshippms@chronoengine.com,Male,96.165.253.239
822,Loree,Grewer,lgrewermt@sbwire.com,Female,230.130.216.191
823,Laurianne,McHardy,lmchardymu@surveymonkey.com,Female,17.28.2.37
824,Rem,Ringer,rringermv@newyorker.com,Male,57.121.178.71
825,Tony,Titcumb,ttitcumbmw@timesonline.co.uk,Female,93.199.105.200
826,Shane,Pickhaver,spickhavermx@miitbeian.gov.cn,Female,184.49.106.117
827,Raimondo,Mattiassi,rmattiassimy@qq.com,Male,144.136.2.252
828,Roddy,Grix,rgrixmz@wordpress.com,Male,69.6.184.239
829,Stephana,Sheere,ssheeren0@howstuffworks.com,Female,189.242.144.149
830,Egan,Arndt,earndtn1@nymag.com,Male,254.16.191.78
831,Kort,Roscamp,kroscampn2@google.com.au,Male,234.141.217.85
832,Sheena,Hudd,shuddn3@123-reg.co.uk,Female,36.242.250.83
833,Darby,Millichip,dmillichipn4@elpais.com,Genderqueer,183.187.245.164
834,Raimund,Kensley,rkensleyn5@ocn.ne.jp,Male,204.88.17.89
835,Bettina,Holstein,bholsteinn6@clickbank.net,Female,163.69.253.150
836,Jeannie,Billiard,jbilliardn7@bbc.co.uk,Female,226.187.255.55
837,Padgett,Hugonnet,phugonnetn8@plala.or.jp,Male,156.37.88.73
838,Merline,Pesterfield,mpesterfieldn9@google.com.au,Female,2.72.249.24
839,Yetta,O'Hartnett,yohartnettna@npr.org,Female,82.115.61.246
840,Jilleen,Brewitt,jbrewittnb@engadget.com,Female,101.114.222.29
841,Yardley,Ashurst,yashurstnc@cbc.ca,Male,116.141.111.198
842,Dag,Marcussen,dmarcussennd@miibeian.gov.cn,Male,98.140.152.143
843,Erena,Cockshutt,ecockshuttne@rediff.com,Polygender,229.73.173.29
844,Chrissy,Westmorland,cwestmorlandnf@washingtonpost.com,Male,121.143.225.80
845,Adelaide,Aleksankin,aaleksankinng@istockphoto.com,Female,104.151.252.156
846,Roth,Stawell,rstawellnh@dropbox.com,Male,167.168.50.143
847,Reinaldo,Scrace,rscraceni@oracle.com,Male,58.158.152.211
848,Berkly,Mauser,bmausernj@issuu.com,Male,82.99.37.136
849,Cass,Mayne,cmaynenk@biglobe.ne.jp,Female,237.128.189.132
850,Weber,Coombes,wcoombesnl@cisco.com,Male,21.4.135.37
851,Ortensia,Clyne,oclynenm@chicagotribune.com,Female,250.131.24.113
852,Jerrold,Matasov,jmatasovnn@tiny.cc,Male,51.134.186.204
853,Drusie,D'Arrigo,ddarrigono@amazon.co.uk,Female,148.191.48.196
854,Mariel,Greenhalgh,mgreenhalghnp@naver.com,Agender,43.67.115.196
855,Fiona,Pierton,fpiertonnq@jalbum.net,Female,133.148.228.145
856,Shena,Kunze,skunzenr@com.com,Female,64.240.10.64
857,Ewart,Paddy,epaddyns@cisco.com,Male,32.218.209.8
858,Norry,McCurt,nmccurtnt@rediff.com,Male,98.1.135.173
859,Gray,Bonner,gbonnernu@theguardian.com,Male,112.126.242.255
860,Gabe,Spiby,gspibynv@webmd.com,Male,62.228.147.174
861,Cassi,Persey,cperseynw@sphinn.com,Genderfluid,246.218.168.38
862,Floyd,Hodcroft,fhodcroftnx@ning.com,Male,234.96.218.236
863,Bradford,Longbone,blongboneny@nifty.com,Male,90.187.212.43
864,Sven,Jeannard,sjeannardnz@ft.com,Male,57.198.113.155
865,Xaviera,Northern,xnortherno0@acquirethisname.com,Female,149.138.125.30
866,Lilias,Pringuer,lpringuero1@over-blog.com,Female,29.119.239.157
867,Birgit,Oganian,boganiano2@4shared.com,Female,132.112.31.75
868,Dotti,Gatheral,dgatheralo3@parallels.com,Female,197.120.79.229
869,Fanny,Pulver,fpulvero4@surveymonkey.com,Female,90.243.112.115
870,Donni,Pawling,dpawlingo5@google.co.jp,Female,81.185.78.42
871,Erhard,Peddowe,epeddoweo6@fotki.com,Male,204.91.223.109
872,Almeria,Pinchin,apinchino7@skyrock.com,Female,126.165.2.30
873,Bonita,Dunford,bdunfordo8@ftc.gov,Female,108.170.138.234
874,Arlinda,Gerber,agerbero9@ted.com,Female,81.46.62.34
875,Valene,Clowney,vclowneyoa@nyu.edu,Female,38.111.102.215
876,Walden,Krale,wkraleob@yellowpages.com,Genderfluid,156.201.254.201
877,Riordan,Peckett,rpeckettoc@soundcloud.com,Male,71.129.52.210
878,Samara,Gronno,sgronnood@freewebs.com,Female,206.211.205.250
879,Fiann,Gerrens,fgerrensoe@people.com.cn,Female,40.118.114.231
880,Phillis,Ewens,pewensof@bizjournals.com,Female,139.54.206.193
881,Berk,Batchelder,bbatchelderog@cnn.com,Male,31.163.83.225
882,Georges,Lyngsted,glyngstedoh@sphinn.com,Male,134.40.45.13
883,Gus,Bensley,gbensleyoi@telegraph.co.uk,Female,248.201.198.145
884,Bearnard,Sudlow,bsudlowoj@wikia.com,Male,166.55.139.254
885,Julissa,Zellner,jzellnerok@msn.com,Female,154.223.58.125
886,Dniren,Meininger,dmeiningerol@umich.edu,Female,4.111.196.8
887,Isabelita,Hatrick,ihatrickom@google.fr,Female,162.239.227.164
888,Reginauld,Hritzko,rhritzkoon@statcounter.com,Male,80.193.229.135
889,Ancell,Drugan,adruganoo@fc2.com,Male,236.128.201.49
890,Sinclare,Ingamells,singamellsop@mayoclinic.com,Male,40.89.246.108
891,Marietta,Kennan,mkennanoq@thetimes.co.uk,Female,230.222.226.85
892,Maritsa,Trattles,mtrattlesor@bravesites.com,Female,111.37.254.166
893,Gabey,Saltmarsh,gsaltmarshos@europa.eu,Female,218.133.83.90
894,Chas,Berryman,cberrymanot@paginegialle.it,Male,202.7.161.9
895,Ulick,Churms,uchurmsou@godaddy.com,Male,127.90.107.21
896,Fabiano,McCarly,fmccarlyov@europa.eu,Male,162.61.196.190
897,Mendy,Dinsdale,mdinsdaleow@umn.edu,Male,58.147.203.254
898,Halette,Good,hgoodox@lycos.com,Female,21.6.152.45
899,Hartley,Ox,hoxoy@sogou.com,Male,134.4.141.43
900,Yance,Chopy,ychopyoz@amazon.de,Male,196.16.6.49
901,Sydelle,Bedwell,sbedwellp0@csmonitor.com,Female,139.175.108.80
902,Harris,Dickenson,hdickensonp1@exblog.jp,Male,218.131.134.227
903,Kirbee,Bockh,kbockhp2@theatlantic.com,Genderfluid,143.11.130.54
904,Georgie,Walas,gwalasp3@pbs.org,Male,26.23.108.24
905,Brandy,McAughtrie,bmcaughtriep4@deviantart.com,Male,202.165.172.13
906,Calley,De Giorgio,cdegiorgiop5@reddit.com,Female,57.37.220.15
907,Si,Babbidge,sbabbidgep6@drupal.org,Male,73.0.40.55
908,Creigh,Merryman,cmerrymanp7@cisco.com,Male,93.94.193.125
909,Vicki,Petrichat,vpetrichatp8@samsung.com,Female,60.87.68.251
910,Willamina,Gumby,wgumbyp9@a8.net,Female,19.77.27.152
911,Milena,Leek,mleekpa@hud.gov,Female,240.179.244.121
912,Lynnea,Cossom,lcossompb@bluehost.com,Female,248.136.133.0
913,Xever,Purdie,xpurdiepc@washington.edu,Male,85.128.197.202
914,Broddie,Iliff,biliffpd@studiopress.com,Male,29.227.158.117
915,Trudie,Webb,twebbpe@europa.eu,Female,115.86.54.150
916,Thorny,Huzzay,thuzzaypf@tuttocitta.it,Male,175.114.230.129
917,Byran,Sidnall,bsidnallpg@macromedia.com,Male,255.172.4.128
918,Armand,Ducaen,aducaenph@blogs.com,Male,81.161.33.64
919,Zarla,Badcock,zbadcockpi@ted.com,Female,207.47.45.157
920,Rosmunda,Jerred,rjerredpj@list-manage.com,Female,176.148.43.48
921,Dale,Hampstead,dhampsteadpk@epa.gov,Female,120.164.95.0
922,Zebulen,Christophersen,zchristophersenpl@weather.com,Male,92.198.165.98
923,Marget,Ridge,mridgepm@forbes.com,Female,114.131.192.214
924,Reinwald,Tammadge,rtammadgepn@jigsy.com,Male,8.22.208.203
925,Allayne,Harbertson,aharbertsonpo@etsy.com,Male,99.251.26.69
926,Stacee,Chartman,schartmanpp@telegraph.co.uk,Female,58.168.31.147
927,Brandy,Lakey,blakeypq@delicious.com,Male,214.147.41.240
928,Jillana,Eslie,jesliepr@1und1.de,Genderqueer,56.172.224.156
929,Christos,Haile,chaileps@oracle.com,Male,92.91.42.36
930,Cleopatra,Maunsell,cmaunsellpt@creativecommons.org,Female,182.5.22.204
931,Brigitte,MacNeice,bmacneicepu@bbb.org,Female,83.109.20.205
932,Westley,Strathern,wstrathernpv@tripadvisor.com,Male,133.168.230.81
933,Sid,Amor,samorpw@cnbc.com,Male,195.206.169.30
934,Graehme,Eglaise,geglaisepx@prweb.com,Male,159.133.181.91
935,Tyne,Hickisson,thickissonpy@slideshare.net,Female,86.181.132.95
936,Tabina,Lander,tlanderpz@acquirethisname.com,Female,200.30.135.164
937,Virginie,Tiltman,vtiltmanq0@networksolutions.com,Female,142.144.23.227
938,Iosep,Di Gregorio,idigregorioq1@cdbaby.com,Male,27.91.25.220
939,Opal,Roscam,oroscamq2@addthis.com,Female,168.111.87.234
940,Maxie,Wishkar,mwishkarq3@msn.com,Male,104.98.226.77
941,Upton,Sandars,usandarsq4@dell.com,Male,83.221.2.118
942,Daniel,Greenside,dgreensideq5@flavors.me,Male,224.60.49.170
943,Callie,Peinke,cpeinkeq6@archive.org,Female,141.213.180.115
944,Carley,Hulatt,chulattq7@ehow.com,Female,67.96.110.159
945,Shandee,Baskerville,sbaskervilleq8@imageshack.us,Female,121.251.192.62
946,Merry,Roadnight,mroadnightq9@time.com,Female,129.147.159.136
947,Olin,Spurway,ospurwayqa@phoca.cz,Male,28.134.95.227
948,Kally,Birkenhead,kbirkenheadqb@livejournal.com,Female,208.228.174.107
949,Paulo,Withull,pwithullqc@marketwatch.com,Male,16.59.32.72
950,Pia,Gosalvez,pgosalvezqd@ft.com,Female,101.162.186.135
951,Erv,Badsey,ebadseyqe@360.cn,Male,53.194.40.37
952,Hetti,Olivi,holiviqf@nih.gov,Female,195.116.217.105
953,Wylie,Anselmi,wanselmiqg@yellowpages.com,Genderfluid,207.86.235.212
954,Jaimie,Delacote,jdelacoteqh@friendfeed.com,Male,88.172.161.79
955,Nikolas,Delhay,ndelhayqi@tamu.edu,Male,246.151.243.31
956,Calley,Hickisson,chickissonqj@nytimes.com,Female,90.85.1.129
957,Myrtle,Truesdale,mtruesdaleqk@intel.com,Female,152.151.116.40
958,Fanya,Starte,fstarteql@dion.ne.jp,Female,154.191.35.41
959,Ara,Tethcote,atethcoteqm@spotify.com,Male,220.136.37.235
960,Gillian,Dossetter,gdossetterqn@posterous.com,Female,171.6.146.123
961,Dennet,Sowood,dsowoodqo@google.com.hk,Male,112.174.166.153
962,Carmen,Flattman,cflattmanqp@seattletimes.com,Female,197.127.74.147
963,Lexie,Durak,ldurakqq@g.co,Female,70.124.155.29
964,Pembroke,Jodlowski,pjodlowskiqr@microsoft.com,Polygender,26.155.81.228
965,Pauletta,Goodanew,pgoodanewqs@adobe.com,Female,150.159.97.151
966,Curry,Greenley,cgreenleyqt@alexa.com,Male,135.81.49.164
967,Prince,Jump,pjumpqu@usgs.gov,Male,101.84.190.62
968,Tracy,Murrell,tmurrellqv@un.org,Male,223.160.84.211
969,Dolf,Brownscombe,dbrownscombeqw@etsy.com,Agender,28.123.194.154
970,Jonah,Arendsen,jarendsenqx@dot.gov,Male,239.248.25.152
971,Valina,Binder,vbinderqy@webeden.co.uk,Female,92.140.107.204
972,Guillemette,Hobben,ghobbenqz@accuweather.com,Female,245.64.181.55
973,Rudolph,Hambidge,rhambidger0@fema.gov,Male,192.162.94.184
974,Silvio,Grady,sgradyr1@wunderground.com,Male,184.29.236.84
975,Stephie,Marritt,smarrittr2@ed.gov,Female,82.161.141.208
976,Dietrich,Fetter,dfetterr3@admin.ch,Male,117.174.209.64
977,Oren,Forrest,oforrestr4@forbes.com,Male,5.50.17.216
978,Garth,Armal,garmalr5@washington.edu,Male,203.230.192.115
979,Anett,Cotgrove,acotgrover6@un.org,Female,162.158.219.143
980,Homer,Milland,hmillandr7@utexas.edu,Male,50.19.228.136
981,Magdalena,Panons,mpanonsr8@hexun.com,Agender,77.76.32.36
982,Roderich,Bridden,rbriddenr9@tripadvisor.com,Male,241.34.122.194
983,Shamus,Zuanazzi,szuanazzira@google.nl,Male,117.151.41.212
984,Bertie,Jaggers,bjaggersrb@answers.com,Female,217.155.44.33
985,Antony,Maplestone,amaplestonerc@soup.io,Polygender,0.60.109.31
986,Jasun,Gruby,jgrubyrd@liveinternet.ru,Agender,131.41.65.166
987,Carmine,Linner,clinnerre@weibo.com,Female,251.206.170.100
988,Batholomew,Kauscher,bkauscherrf@netvibes.com,Male,93.109.90.66
989,Corinna,Milbourn,cmilbournrg@deviantart.com,Female,250.108.155.228
990,Keir,Lyddiatt,klyddiattrh@google.de,Male,251.204.70.116
991,Olympe,Schrei,oschreiri@house.gov,Female,238.121.160.209
992,Clemence,Merill,cmerillrj@youku.com,Female,123.170.63.209
993,Amata,Hengoed,ahengoedrk@fema.gov,Female,180.41.200.48
994,Glynis,Bim,gbimrl@hhs.gov,Female,179.204.254.181
995,Meredithe,Gyppes,mgyppesrm@artisteer.com,Female,180.95.186.145
996,Adan,Brombell,abrombellrn@amazon.co.uk,Male,57.146.78.162
997,Myrna,Ekkel,mekkelro@squarespace.com,Female,2.247.9.250
998,Jori,Danielsen,jdanielsenrp@hibu.com,Bigender,237.97.54.8
999,Clemmie,Hartwell,chartwellrq@icio.us,Female,247.53.169.54
1000,Fanchon,Clendening,fclendeningrr@jimdo.com,Polygender,39.46.176.34
